질환명,영문명,동의어,증상 키워드,정의,증상,원인,진단,치료,경과,주의사항,URL,FAQ
자극성 장 증후군,Irritable bowel syndrome,"['과민성대장', '과민성대장증후군', '과민성장증후군', '과민성창자', '과민성창자증후군', '자극성 창자증후군', '자극성대장증후군', '자극성장증후군']","복부 통증, 설사, 체중감소, 점액변, 변비","자극성 장 증후군은 특별한 기질적 원인이 확인되지 않는 상태에서 만성적으로 지속되는 복통 및 배변 장애를 말합니다. 대장 내시경, X-ray 검사 등 여러 가지 검사로 확인되는 질환은 없지만, 식후나 스트레스 상황에서 복통, 복부 팽만감, 설사, 변비 등의 배변 장애 증상이 유발되는 만성적인 질환입니다.","대장은 정상적으로 하루 1회 정도 배변을 유도하도록 움직입니다. 그러나 대장이 과민해진 경우 대장이 지나치게 움직여 설사가 유발되거나, 이와는 반대로 움직임을 급격히 멈춰 변비를 일으킬 수 있습니다. 즉, 자극성 장 증후군 환자는 설사 또는 변비, 혹은 두 가지 모두가 규칙적으로 반복되며 만성적인 복통에 시달립니다. 심한 복통도 배변 후에는 대부분 호전됩니다. 
  자극성 장 증후군 환자에게 점액질 변, 복부 팽만이나 잦은 트림, 방귀, 전신 피로, 두통, 불면, 어깨 결림 등의 증상도 나타나지만, 이러한 증상이 수개월 또는 수년간 계속되더라도 몸 상태에 별다른 영향을 미치지 않습니다. 자극성 장 증후군 환자는 상부 위장관 증상으로 속 쓰림, 연하(삼킴) 곤란, 식도 이물감 등을 호소하기도 합니다. 소화기 증상 이외에도 피로감, 비뇨기과적 기능 이상, 산부인과적 증상을 호소하기도 합니다.","아직까지 자극성 장 증후군의 원인은 명확히 밝혀지지 않았습니다. 유전적 가족적 요인, 불안 및 스트레스와 같은 정신적 요인, 과음, 자극적인 음식, 불규칙한 식사, 편식 등이 원인으로 여겨집니다. 내장이 과민하여 환자의 대장 내에 가스를 주입하거나, 풍선을 넣어 확장시키면 정상인에서는 반응이 나타나지 않을 정도의 적은 용량에도 심한 통증을 일으킵니다.
  일부 자극성 장 증후군 환자는 대장 내 상주균의 구성이 비정상적입니다. 이로 인하여 장관 내 발효가 증가하고, 과다한 가스가 생성되기도 합니다. 또한 정상적으로는 균의 증식이 미미한 소장에서 세균이 과다 증식하는 경우가 있습니다. 이때는 만성 설사나 복통, 가스 등의 증상을 유발할 수 있습니다. 전체 인구의 약 7~15% 정도가 자극성 장 증후군으로 의심할 수 있는 증상을 보인다고 알려져 있습니다.","자극성 장 증후군은 구조적 이상으로 설명할 수 없으므로 특정 검사 방법으로 진단하기가 매우 어렵습니다. 대변 검사, 대장 내시경, 혈액 검사 등의 여러 가지 기본적인 검사를 통해서 원인 질환이 없다는 것을 확인한 뒤에도, 불쾌한 소화기 증상(식사나 가벼운 스트레스 후 복통, 복부 팽만감 등)이 만성적으로 나타나거나, 설사나 변비와 같은 배변 장애 및 배변 후 잔변감으로 등의 증상을 보인다면 자극성 장 증후군을 의심해 볼 수 있습니다. 특히 체중 감소, 혈변, 빈혈 등의 경고 증상이 동반되거나, 이 증상이 50세 이상에서 처음 생긴 경우에는 다른 원인을 확인하기 위해 대장 내시경 검사, 복부 CT 검사, 소장 검사 등을 시행해 보아야 합니다.","자극성 장 증후군의 원인이 되는 심리적 불안과 갈등을 제거하는 것이 가장 중요합니다. 단순히 음식이나 약물만으로 치료하기는 힘듭니다. 본인의 노력이 필요합니다. 무엇보다 환자가 본인의 병을 잘 이해하고 장에 자극을 줄 수 있는 음식과 과식을 피하고, 규칙적인 식사와 편안한 마음가짐을 갖도록 해야 합니다. 스트레스를 해소하기 위해 적당한 운동과 하루 중 편안한 시간에 명상과 휴식을 취하는 것도 도움이 됩니다. 미지근한 물을 자주 드시는 것이 좋습니다. 식이섬유가 풍부한 과일을 먹으면 변이 정체되지 않아 좋으나, 오렌지같이 장에 자극을 주는 과일은 되도록 피하는 게 좋습니다. 밀가루나 인스턴트, 기름진 음식 등의 식이를 피하는 것이 도움이 됩니다. 장의 과민성을 떨어뜨리고, 안정된 상태로 만들기 위해 약물 요법을 시행합니다.
  ① 진경제 : 자극성 장 증후군에서 소화관 평활근의 수축이나 경련으로 유발되는 통증을 완화하는 데 가장 널리 사용됩니다. 식전 30분에 복용하면 위장 반사 억제 효과로 식후 설사나 경련의 증상에 도움이 될 수 있습니다. 부작용으로 시야 흐림, 구갈, 변비 등이 있습니다.
  ② 지사제(로페린) : 장 통과 시간을 지연시키고, 수분의 흡수를 증가시키며, 항문괄약근의 압력을 증가시킵니다. 그러나 야간에 복통을 유발할 수 있으며, 용량 초과 시 변비를 유발할 수 있으므로 주의해야 합니다.
  ③ 완하제 : 변의 양을 증가시키는 부피성 완하제는 자극성 장 증후군의 변비를 치료하는 데 사용합니다. 배변 횟수를 증가시키고 배변을 원활하게 합니다. 부작용은 장내 세균의 작용에 의한 가스 생성입니다. 복부 팽만감과 불편감을 악화시킬 수 있습니다.
  ④ 프로바이오틱스 : 요구르트처럼 생균이 포함된 기능성 음식입니다. 장의 과민성을 줄여주고, 장 운동 기능을 개선합니다.
  ⑤ 항생제 : 소장 세균의 과증식이 원인일 때 항생제 치료를 시도해 봅니다.
  ⑥ 항우울제 : 자극성 장 증후군 환자에게 공항 장애, 우울증이 동반되는 경우가 많습니다. 항우울제에는 우울을 조절하는 기능 이외에 신경 조절, 진통 기능이 있습니다.",암이나 환자의 정신과적인 이상 소견(인격 이상 등)과 관련이 있습니다. 감별이 필요한 다른 질환(궤양성 대장염이나 크론병 등)과는 전혀 관련이 없습니다. 생명을 위협하는 질환은 아니지만 이로 인해 고통을 받는 환자는 일상생활에서 반복되는 빈번한 불편을 겪습니다. 이로 인해 의욕 상실과 같은 문제를 초래하여 사회생활에 장애가 되기도 합니다.,"저지방식, 저자극식을 원칙으로 식사합니다. 지방성 음식, 향신료가 많이 들어간 음식, 카페인 음료, 맵고 짠 자극적인 음식은 증세를 악화시킬 수 있으므로, 이런 음식은 제한합니다. 기분을 전환시킬 수 있는 일을 하고, 마음을 편안히 갖도록 노력해야 합니다. 자극성 장 증후군의 예방과 치료를 위해 섬유질이 많이 포함된 채식을 위주로 식사합니다. 단, 과다한 섬유질의 섭취는 오히려 병세를 악화시킬 수 있으므로 평소에 꾸준히 섬유질 식품을 먹는 식습관을 갖도록 해야 합니다.",https://www.amc.seoul.kr/asan/healthinfo/disease/diseaseDetail.do?contentId=32064,
당뇨병,Diabetes mellitus,['당뇨'],"고혈당, 소양감, 체중감소, 피로감, 시야장애, 다뇨, 저림, 다음, 다식","당뇨병은 소변으로 포도당이 배출된다고 하여 이름 붙여진 병입니다. 정상인의 경우 소변으로 당이 넘쳐나지 않을 정도로 혈당이 조절됩니다. 여기에는 췌장에서 분비되는 '인슐린'이라는 호르몬이 중요한 작용을 합니다. 이러한 인슐린이 모자라거나 제대로 일을 못 하는 상태가 되면 혈당이 상승하며, 이로 인해 혈당이 지속적으로 높은 상태가 됩니다. 이러한 상태를 당뇨병이라고 합니다. 우리나라의 당뇨병 유병률은 경제가 발전하고 생활 양식이 서구화됨에 따라 증가하는 추세입니다.","당뇨병에 걸리면 소변으로 포도당이 빠져나가는데, 이때 수분을 같이 끌고 나가기 때문에 소변량이 늘어납니다. 그 결과 몸 안에 수분이 부족하여 심한 갈증을 느끼게 됩니다. 또한 영양분이 몸에서 이용되지 않고 빠져나가므로 피로감을 잘 느낍니다. 또한 잘 먹는데도 불구하고 체중이 감소합니다. 
  당뇨병의 가장 대표적인 증상을 ‘삼다(三多)’라고 부릅니다. 즉, 다음(多飮, 물을 많이 마심), 다뇨(多尿, 소변을 많이 봄), 다식(多食, 많이 먹음)을 말합니다. 그 외 당뇨병의 증상으로는 눈 침침함, 손발 저림, 여성의 경우 질 소양증 등이 나타날 수 있습니다. 하지만 혈당이 많이 높지 않은 경우에는 대부분 특별한 증상을 느끼지 못합니다.","당뇨병의 발생에는 유전과 환경이 중요한 역할을 합니다. 즉, 당뇨병은 이것에 걸리기 쉬운 유전적 체질을 부모로부터 물려받은 사람이 당뇨병을 유발하기 쉬운 환경에 노출될 때 발생할 수 있습니다. 하지만 현재까지 당뇨병을 일으키는 유전자의 이상을 찾을 수 있는 경우는 전체 당뇨병의 1% 미만에 불과합니다. 대부분의 당뇨병에서는 원인 유전자가 명확히 밝혀지지 않았습니다.
  당뇨병을 유발할 수 있는 환경 인자로는 고령, 비만, 스트레스, 임신, 감염, 약물(스테로이드제제, 면역억제제, 이뇨제) 등이 있습니다. 환경 인자는 유전 인자와는 달리 본인의 노력으로 어느 정도 피할 수 있습니다. 최근 들어 당뇨병이 급증하는 이유는 유전적인 원인보다는 과도한 음식물 섭취와 운동량 감소로 인한 비만증의 증가 때문으로 여겨집니다. 단것을 많이 먹는다고 당뇨병이 생기지는 않지만, 단것을 많이 먹으면 체중이 늘어날 수 있으며, 비만증이 생기면 당뇨병이 생길 위험성이 증가합니다.","당뇨병은 혈당을 측정하여 진단합니다. 이때 혈당 검사란 손가락 끝에서 채혈을 하는 전혈 포도당 검사가 아니라, 정맥혈을 채취하여 피떡을 가라앉히고 상층의 맑은 혈장 성분만을 분리하여 포도당 농도를 측정하는 검사입니다. 과거에 많이 시행하던 요당 검사는 당뇨병이 있어도 음성으로 나올 수 있고, 당뇨병이 아니더라도 양성으로 나올 수 있으므로 진단 검사로는 부적합합니다.
  현재 가장 널리 사용되고 있는 당뇨병의 진단 기준은 1997년에 '당뇨병의 진단 기준 및 분류에 관한 전문위원회'에서 제시한 것으로, 다음과 같습니다.
① 당뇨병의 특징적인 증상인 물을 많이 먹고 소변을 많이 보는 증상이 나타남. 다른 특별한 원인으로 설명할 수 없는 체중 감소가 나타남. 식사 시간과 관계없이 측정한 혈당이 200mg/dL 이상임.
② 8시간 동안 열량 섭취가 없는 공복 상태에서 측정한 공복 혈당이 126mg/dL 이상
③ 경구 당부하 검사에서 75mg의 포도당을 섭취한 뒤 측정한 2시간째 혈당이 200mg/dL 이상
  위의 세 가지 조건 중 어느 한 조건만 만족하면 당뇨병으로 진단할 수 있습니다. 그러나 명백한 고혈당 증상이나 급성 대사 이상이 있는 경우를 제외하고는 다른 날에 반복 검사를 시행하여 두 번 이상 진단 기준을 만족할 때 당뇨병으로 진단합니다.","당뇨병의 치료 방법으로는 식사 요법, 운동 요법, 약물 치료가 있습니다. 가벼운 당뇨병은 식사 요법과 운동 요법만으로도 효과적으로 치료할 수 있습니다. 식사 요법과 운동 요법만으로 만족할 만한 혈당 조절이 이루어지지 않을 때 약물 요법을 추가합니다. 하지만 약물 요법을 받는 중에도 반드시 식사 요법과 운동 요법을 병행해야 합니다. 약물 요법에는 경구 혈당강하제와 인슐린 주사가 있는데, 당뇨병의 종류, 환자의 상태, 합병증의 유무에 따라 치료 약물을 선택합니다.
  수년에 걸쳐 혈당이 상승할 경우 혈관에 염증이 생기며 심해지면 막힐 수 있습니다. 한편 혈당이 갑자기 심하게 상승하면 무기력, 의식 저하, 더 심하면 사망에 이를 수도 있습니다. 따라서 당뇨병 치료의 목적은 혈당을 정상치에 가깝게 유지하여 고혈당으로 인한 혈관 손상을 방지하고, 당뇨병을 가지고도 건강하게 살도록 하는 것입니다.","당뇨병의 합병증에는 급성 대사성 합병증과 만성 합병증이 있습니다. 급성 대사성 합병증은 혈당이 너무 올라가거나 떨어져서 발생하는데, 적절한 조처를 취하지 않으면 의식 이상이 발생합니다. 적절한 치료를 받지 않을 경우 생명을 위협할 수 있습니다.
  만성 합병증은 당뇨병이 오래 지속되어 큰 혈관과 작은 혈관에 변화가 일어나서 이것들이 좁아지거나 막히면서 생깁니다. 큰 혈관의 합병증을 동맥경화증이라 부르는데, 흔히 심장, 뇌, 하지에 혈액을 공급하는 혈관에 생깁니다. 작은 혈관의 합병증은 주로 망막(눈의 일부분), 신장, 신경에 문제를 일으켜서 시력 상실, 만성 신부전, 상하지의 감각 저하 및 통증 등을 유발할 수 있습니다.
  최근 여러 대규모의 연구를 통하여 혈당을 철저히 조절하면 소혈관에서 발생하는 당뇨병의 합병증, 즉 망막, 신장, 신경의 합병증을 예방하거나 진행을 막을 수 있음이 증명되었습니다. 그러나 심장혈관이나 뇌혈관에서 발생하는 대혈관 합병증은 혈당 조절만으로는 예방 효과가 적습니다. 혈당 조절과 더불어 혈압, 고지혈증의 조절이 중요합니다.","당뇨병을 예방하기 위해서는 일단 당뇨병을 유발할 수 있는 환경 인자인 비만, 좌식 생활, 고지방 식사, 스트레스, 음주 등을 피하는 것이 최선입니다. 특히 가족 중에 당뇨병 환자가 있는 사람은 비만증이 생기지 않도록 식사량을 적절히 조절하고, 운동을 규칙적으로 해야 합니다.
  또한 무증상기의 당뇨병을 조기에 진단하기 위해서 다음에 해당하는 사람들은 매년 혈당 검사를 받을 것을 권장하고 있습니다.
  ① 45세 이상의 모든 성인
② 45세 미만이라도 과체중이거나 비만이면서 아래와 같은 위험 요인이 있는 경우
- 부모, 형제, 자식 중에 당뇨병 환자가 있는 사람
- 고혈압(혈압 140/90mmHg 이상)이 있거나 항고혈압 약물을 복용 중인 사람
- 이상지혈증을 가지고 있는 사람(HDL 콜레스테롤 35mg/dl 이하 또는 중성지방 250mg/dl 이상)
- 과거 내당능 장애 또는 공복 혈당 장애가 있었던 사람
- 임신성 당뇨병으로 진단받은 적이 있거나 4kg 이상의 거대아를 출산한 적이 있는 사람
- 심혈관 질환(뇌졸중, 관상동맥 질환, 말초혈관 질환)을 경험한 사람
- 평소에 운동을 하지 않는 사람",https://www.amc.seoul.kr/asan/healthinfo/disease/diseaseDetail.do?contentId=31596,
울혈성 심부전,Congestive heart failure,"['울혈성심부전증', '울혈심부전', '울혈심부전증']","빈맥, 심부전, 호흡곤란, 울혈성 심부전, 소변량 감소, 야뇨증, 두통, 불면증, 청색증","울혈성 심부전은 여러 원인으로 인해 심장이 신체 조직이나 기관에서 필요한 혈액(특히 산소)을 공급할 수 없는 병태생리학적 상태를 말합니다. 그 자체가 질병인 것은 아닙니다.
  심부전은 급성으로 나타날 수도 있고, 만성으로 나타날 수도 있습니다. 심부전은 흔히 다른 심장 질환, 예를 들면 만성 고혈압, 관상동맥 질환, 판막에 이상이 있는 기계적 결함, 만성적인 부정맥(심방 세동이 가장 흔함) 등의 다양한 원인 질환으로 인해서 나타납니다.","울혈성 심부전의 일반적인 증상으로는 전반적으로 몸이 약해짐, 피곤함, 운동을 조금만 해도 힘듦, 중추신경 증상(착란, 불면, 두통), 빈맥, 야뇨증, 청색증 등이 있습니다. 또한 전신적 울혈, 폐의 울혈, 말초의 저관류, 교감 신경의 활성 증가로 인한 증상이 나타납니다. 대부분은 초기에 좌심실 부전이 먼저 일어나고, 이것이 우심실의 부담을 증가시켜 결국 우심실 부전이 일어납니다.
  1. 좌심실 부전
초기 증상은 안정 시, 혹은 이전에는 아무런 불편을 초래하지 않았던 신체적 활동을 할 때 느껴지는 호흡 곤란입니다. 특히 환자가 누웠을 때 호흡 곤란이 현저해집니다(기좌호흡). 환자가 일어나 앉으면 호흡 곤란이 경감됩니다. 따라서 베개를 높여 주면 증상이 경감됩니다.
  급성 발작성 야간호흡 곤란은 좌심부전에서 나타나는 호흡 곤란의 한 형태입니다. 환자는 잠든 지 2~4시간 후에 질식감을 느껴 잠을 깹니다. 주의 깊게 문진을 해보면 뚜렷한 징후 및 증상 발작이 나타나기 직전에 목을 졸라서 질식하였다든지 물에 빠졌다든지 하는 악몽일 꾸는 경우가 있습니다. 급성 발작성 야간호흡 곤란에서 천명, 천식과 비슷한 호흡을 수반하는 경우 ‘심장성 천식’이라고 합니다. 또한 급성 폐부종에서는 핑크색 거품이 많은 객담이 나타납니다. 
2. 우심실 부전
우심실 부전의 특징은 체순환계 정맥울혈과 부종입니다. 우심실 부전의 원인은 좌심실 부전인 경우가 많습니다. 그러나 우심실 부전은 폐고혈압, 폐색전, 폐동맥 협착, 심방 중격 결손 등에 의해 일어나기도 합니다. 경정맥압이 상승하고, 말초성 부종을 동반합니다.
  우심실이 증가된 혈액을 다 수용하지 못하여 정맥압이 상승합니다. 이로 인해 복부(특히 간)에 울혈이 생깁니다. 위장관계 증상(복부 팽만, 식욕 부진, 오심, 구토, 변비 및 복통), 복수가 생기기도 합니다. 또 신장의 관류량이 적어서 소변량이 감소하고 고질소혈증이 생길 수 있습니다.

 ","나이가 들면 심장의 기능이 감소하여 울혈성 심부전이 발생할 위험성이 커집니다. 65세 이상 노인 인구의 3~5% 정도에서 울혈성 심부전이 나타납니다. 이 질환은 성인 입원 환자의 5% 정도를 차지합니다.
  심심근의 비가역적 손상과 심근경색을 초래하는 관상동맥 질환이 심부전의 가장 흔한 원인입니다. 갑상선기능항진증(대사를 증가시켜 산소 요구량이 증가함)이나 심한 빈혈도 심부전의 원인이 됩니다.","울혈성 심부전은 임상 증상, 신체 검사, 간단한 검사(심전도, 흉부 X-ray 촬영)를 종합하여 진단할 수 있습니다. 심부전이 발생하면 심박출량의 감소를 보충하기 위하여 맥박수가 빨라집니다(분당 100회 이상). 심장 부위를 청진해 보면 말이 달릴 때 나는 소리와 같은 분마음(gallop sound)이 들립니다. 목의 경정맥압이 올라가 있습니다. 흉부 타진에서 심장이 커져 있습니다. 다리에서 부종을 관찰할 수 있습니다.
  심부전을 확진하고 치료 계획을 세우기 위해서는 심장 초음파 검사를 시행해야 합니다. 심장 초음파 검사로 심부전을 확진할 수 있는 것은 물론, 많은 경우에는 원인 질환까지도 찾아낼 수 있습니다.
  좌심실은 온몸으로 혈액을 순환시키는 역할을 하므로 심장에서 가장 중요한 부위입니다. 따라서 심장 기능은 좌심실 박출계수로 나타냅니다. 좌심실 박출계수가 55% 이상이면 정상으로, 이보다 떨어져 있으면 비정상으로 간주합니다. 일반적으로 좌심실 박출계수가 40~45% 이하로 떨어져 있으면 심부전 증상이 없더라도 치료가 필요합니다. 좌심실 박출계수가 35% 이하이면 중증 심부전으로 진단합니다.","1. 약물 요법
  1) 일반적인 원칙
약물 요법은 이뇨제, 안지오텐신 계열 차단제(안지오텐신전환효소 차단제[ACE inhibitor], 안지오텐신 수용체 차단제[ARB], 안지오텐신-네프릴리신 억제제[ARNI], 베타차단제, 이바브라딘, 혈관이완제, 강심제[디지탈리스]) 등을 사용할 수 있습니다. 약제는 혈압 및 심박 수, 신장 기능 상태를 고려하여 선택합니다. 안지오텐신 계열 차단제와 베타 차단제를 포함한 이뇨제의 복합적 치료를 고려해야 합니다.
  우리나라는 식염의 섭취량이 매우 많습니다. 한국영양학회에서 발행한 한국인 영양권장량에 따르면, 현재 우리나라의 평균 식염 섭취량은 약 나트륨으로 5.1~6.3g입니다. 이를 1/3~1/4 정도로 감소시켜야 합니다. 특히 짠 반찬이나 김치 등 소금양이 많은 음식 섭취를 제한해야 합니다.
  심부전의 심한 정도에 따라 육체적 활동을 제한해야 합니다. 그러나 육체 활동을 너무 심하게 제약하면 환자의 운동 능력이 더 감소하여 심리적인 문제를 일으킬 수 있습니다. 따라서 환자가 견딜 정도의 유산소 운동을 정기적으로 하는 것이 좋습니다.
  감정적, 신체적 휴식이 중요합니다. 심한 불안이나 불면증에 신경안정제 같은 약을 사용할 수 있습니다. 폐부종이나 저산소증인 환자에게는 분당 4~6L의 산소를 공급하면 폐의 세동맥이 이완되어 우심실 부전을 감소시킬 수 있습니다.
  2) 이뇨제
과량 체류된 체액을 감소시키고, 체중 조절을 하기 위해 이뇨제를 사용합니다. 신장의 세뇨관에서 나트륨의 재흡수를 억제하고 나트륨의 분비를 증가시켜 소변량을 증가시킵니다.
  3) 안지오텐신계 억제제
안지오텐신계를 억제하는 약제로 안지오텐신전환효소 억제제(ACEi), 안지오텐신 수용체 차단제(ARB), 안지오텐신-네프릴리신 억제제(ARNI)가 있습니다. 이들은 심부전 악화에 중요한 신경호르몬계를 조절하는 중요한 약제입니다. 특별한 금기 없이 사용합니다. 심부전 환자의 생존율을 향상시키는 약제로 알려져 있습니다. 최근 안지오텐신-네프릴리신 억제제(ARNI)는 생존율을 향상시키는 것으로 알려져 있습니다. 다른 약제를 투여했는데도 심부전이 진행되면 이 약제를 사용할 수 있습니다.
  4) 베타차단제
베차차단제는 심부전 환자의 생존율을 향상시키는 것으로 알려져 있습니다. 이 약제를 사용하는 데 특별한 금기사항이 없으면 사용할 수 있습니다.
  5) 이바브라딘
이바브라딘은 심부전 환자의 생존율을 향상시키는 것으로 알려져 있습니다. 다른 약제를 투여했는데도 심부전이 진행되면 이 약제를 사용할 수 있습니다.
 
6) 강심제
① 디지탈리스
심장 수축력을 증가시키기 위해 오랫동안 사용해 온 약입니다. 이 약은 심근에 직접 작용해서 수축력을 증가시킵니다. 심근 자체에 심한 기질적 장애가 있을 때는 효과를 기대하기 어렵습니다. 고혈압, 심장 판막 장애, 동맥경화증 등과 같이 심근의 부담이 과중하여 심부전이 된 경우에 효과가 큽니다. 심방세동이 동반된 심부전에 도움이 됩니다. 그러나 안전역이 좁아서 사용 시 조심해야 합니다.
 
② 교감신경 흥분약
급성 심부전에 도부타민이나 도파민을 조합하여 사용합니다. 이 약은 교감신경 수용체를 자극하여 강심 효과와 이뇨 효과를 유발합니다.
  2. 항부정맥 요법
울혈성 심부전으로 인한 사망 중에서 부정맥으로 급사하는 경우가 50% 정도를 차지합니다. 따라서 사망률을 줄이는 데는 부정맥 치료가 중요합니다. 울혈성 심부전 환자 중 치명적인 부정맥을 경험했거나 부정맥 증상이 나타났던 환자는 항부정맥 약을 복용해야 합니다. 그러나 항부정맥약은 심근 수축력을 저해시키고, 부작용으로 부정맥을 일으킬 위험이 있으므로 주의하여 사용해야 합니다.
  3. 예방접종
감염이 급성 심부전 악화를 유발하는 경우가 많습니다. 따라서 인플루엔자 및 폐렴구균 예방접종을 해야 합니다.

4. 수술 및 시술
  1) 심장 이식
약물 치료에 반응하지 않는 말기 심부전 환자를 대상으로, 마지막 수단으로써 환자의 병든 심장을 제거하고 뇌사자의 건강한 심장으로 대치하는 심장 이식 수술을 시행할 수 있습니다.
환자와 기증자의 혈액형 등 면역학적 표지자가 일치해야 거부 반응이 적습니다. 이식 거부 반응을 방지하기 위해 신체의 자연 면역성을 억제시키는 부신피질호르몬이나 항흉선세포글로불린과 같은 약을 사용합니다.
  2) 이식형 심실 보조 장치
이식형 심실 보조 장치는 2018년 10월 이후 보험 급여화되었습니다. 약물 치료에 반응하지 않는 급성 심부전 환자, 만성적인 말기 심부전 환자에게 심장 이식의 전 단계로 심실 보조 장치를 사용합니다.","울혈성 심부전은 여성보다 남성에게 더 흔하게 나타납니다. 사망률은 심부전의 발생 원인과 심한 정도에 따라 다릅니다. 5년 생존율은 대략 50% 정도입니다. 심한 심부전은 1년 사망률이 약 50%에 이릅니다.
  울혈성 심부전을 치료하기 위해서는 원인 질환 치료, 복약 지도, 심부전의 악화 요인 제거 및 이에 대한 생활 지도와 식사 지도가 중요합니다. 약물 요법으로 생존율을 높일 수 있습니다. 말기 환자의 경우 심장 이식도 고려할 수 있습니다.
  심부전 환자의 약 40%는 예기치 않게 부정맥이 발생하여 갑자기 사망합니다. 심장 기능이 저하된 상태에서 심실성 빈맥이 나타나면 치명적일 수 있습니다. 또한 40%의 환자는 심부전이 점차 악화되어 펌프 기능이 매우 감소하여 사망합니다. 나머지 20% 환자는 기타 다른 질환이나 사고로 사망합니다.","디지탈리스의 혈중 치료 농도는 일반적으로 1~2mcg/mL입니다. 일반적으로 2mcg/mL를 넘으면 독성을 나타냅니다. 디지탈리스 중독은 생명에 위험할 수 있습니다. 따라서 이 약물을 사용할 때 초기에 중독 증상의 유무를 관찰하고 혈청 내 농도 및 심전도 검사를 시행해야 합니다.
  디지탈리스 중독 증상으로는 기외 수축, 치명적인 부정맥, 오심, 구토, 착란, 시력 장애, 두통, 피로 등이 있습니다. 저칼륨혈증, 저마그네슘혈증, 고칼슘혈증, 알칼리혈증, 갑상선기능저하증 및 저산소증 등에 의하여 독성이 더 악화됩니다. 독성이 나타나면 약물 투여를 중단하거나 용량을 줄여야 합니다. 부정맥이나 전해질 이상이 있으면 치료해야 합니다.",https://www.amc.seoul.kr/asan/healthinfo/disease/diseaseDetail.do?contentId=30314,
천식,Asthma,"['소아천식', '운동유발성천식', '직업성천식']","천명음, 가래, 가슴 답답, 기침, 호흡곤란","천식은 알레르기 염증에 의해 기관지가 반복적으로 좁아지는 만성 호흡기 질환입니다. 기관지가 좁아져서 숨이 차고, 기침이 나며, 가슴에서 색색거리는 소리가 들리고, 가슴이 답답해지는 증상이 반복적으로 되풀이됩니다. 우리나라 성인 인구의 5% 정도가 천식을 앓는 것으로 알려져 있습니다. 최근 전 세계적으로 천식 환자 수가 증가하고 있습니다.","기관지 천식은 유전적 요인과 환경적인 요인이 함께 상호작용하여 나타납니다.
  기관지 천식의 특징적인 증상
-  천명 : 숨을 들이쉬고 내쉴 때 나는 휘파람과 비슷한 소리(색색거리는 소리)
-  기침 : 발작적이고 밤에 더 심합니다.
-  흉부 압박 : 가슴을 조이는 듯한 답답한 느낌
-  호흡 곤란 : 마치 빨대를 입에 물고 숨을 쉬는 것처럼 숨이 찹니다.
-  가래 : 끈끈하고 덩어리가 진 가래
  1. 천식 증상은 복합적이며 자주 변합니다.
환자에 따라 기침만 하거나, 호흡 곤란만 느낄 수도 있습니다. 하지만 환자는 대부분 이런 증상들이 함께 나타납니다. 천식의 증상은 오래 지속되기도 하고 반복되기도 하는 등 자주 변화합니다.
  2. 환자에 따라 같은 양상의 발작이 반복됩니다.
어떤 사람은 감기 증상이 있다가 서서히 악화되어 심한 천식 발작을 일으키기도 하지만, 어떤 사람은 전혀 증상이 없다가 갑자기 심한 천식 발작을 일으키기도 합니다. 증상의 발현과 악화 정도, 회복 기간 등이 환자마다 특징적 양상으로 반복되는 경우가 많습니다.","1. 대기 알레르겐
  1) 꽃가루
봄에는 수목, 여름에는 목초, 가을에는 잡초 화분이 날립니다. 화분은 바람에 의해 수 km씩 이동하므로 도시에서도 높은 분포를 보입니다.
  2) 곰팡이
실외의 곰팡이는 종류에 따라 포자 형성 시기가 다르기는 하지만, 우리나라에서는 우기인 7, 8월에 분포가 절정에 달합니다. 집 안의 곰팡이는 습도가 높은 지하실, 창고, 부엌에 많습니다. 부패한 음식물에도 곰팡이가 숨기 쉽습니다. 청결 유지와 실내 습도를 낮추는 것이 예방책입니다.
  3) 집먼지 진드기
카펫, 침대 매트리스, 천으로 만든 소파, 커튼, 봉제 인형 등에 서식합니다.
  4) 바퀴벌레
바퀴벌레는 체부가 중요한 알레르겐입니다. 약제로 박멸합니다. 실내, 특히 부엌을 깨끗이 유지하고, 음식물 찌꺼기를 없애야 합니다.
  5) 동물 알레르겐
고양이는 털뿐 아니라 침에도 알레르겐이 존재합니다. 애완견도 문제가 됩니다. 개와 고양이의 털 사이에는 교차 항원성이 존재합니다.
  2. 실내의 비특이적 자극원
  1) 담배 연기
담배 연기는 증상을 악화시키므로 천식 환자는 금연해야 합니다. 부모가 흡연할 경우에 아동의 천식 발생 빈도가 증가합니다.
  2) 냄새
음식 조리 시 발생하는 냄새, 향수, 각종 스프레이, 방향제, 난방 기구의 냄새 등이 천식 증상을 악화시킬 수 있으므로 음식을 조리할 때는 후드를 사용하고, 환기해야 합니다.","1. 문진과 진찰
기침, 천명, 호흡 곤란 등의 증상이 있습니다. 특히 야간이나 새벽에 악화됩니다. 증상의 악화와 호전이 반복됩니다. 가족 중 천식 환자가 있는 경우가 많습니다.
  2. 진단 검사
1) 폐 기능 검사
폐활량과 호기 속도를 측정하여 기관지가 좁아진 정도를 확인합니다. 기관지 확장제를 흡입한 후 변화 여부를 관찰하기도 합니다.

  2) 기관지 유발 시험
기도 과민증의 정도를 검사하여 천식을 진단합니다. 
  3) 피부단자 시험
공기 중의 원인 물질을 확인할 수 있습니다.","1. 환경 관리
원인이 되는 대기 알레르겐과 비특이적 자극원을 차단합니다.
  2. 약물 치료
천식 증상이 심할수록 환경 관리 외에 약물 치료가 중요합니다. 천식 치료 약물은 장기적 질병 조절제와 속효성 증상 완화제로 나눌 수 있습니다. 
  질병 조절제는 장기적으로 기도의 염증 반응을 억제하고 천식 발작을 예방하는 약제입니다. 이 약제를 매일 규칙적으로 사용하며 증상이 없어도 사용합니다. 대표적인 약제로는 세레타이드, 심비코트, 풀미코트, 후릭소타이드 등이 있습니다. 
  증상 완화제는 천식 증상을 즉시 완화시켜 주는 속효성 기관지 확장제입니다. 증상이 심할 때만 사용하며 효과가 즉시 나타납니다. 대표적인 흡입제로는 벤톨린이 있습니다. 심비코트 제제 또한 증상 완화제로 사용할 수 있습니다. 
  흡입제는 약물이 직접 폐에 전달되어 다른 부작용 없이 효과를 낼 수 있도록 만들어진 약제입니다. 하지만 사용법이 정확하지 않으면 약물이 제대로 폐에 도달되지 않습니다. 정확한 사용법을 익히는 것이 무엇보다도 우선되어야 합니다. 
  면역 치료는 알레르기 원인 물질에 대한 과민반응을 억제하는 치료법으로, 효과가 오랫동안 지속되고 원인 물질에 다시 노출되어도 발작을 예방할 수 있습니다. 이 치료는 원인 항원이 분명한 환자에서만 효과를 얻을 수 있습니다. 적어도 3년 이상의 장기간 치료가 필요합니다. 반드시 알레르기 전문 의사에 의해 시행되어야 합니다.","기관지 천식의 관리 원칙은 다음과 같습니다. 

- 처방된 약물을 정기적으로 사용해야 합니다.
- 천식은 장기적으로 꾸준히 관리해야 하는 만성적 질환입니다. 질병 조절제를 매일 투여하는 것이 천식 관리의 핵심입니다.
- 천식 악화 인자들을 피해야 합니다.
- 천식을 악화시키고 증상을 유발하는 요인(알레르기 항원, 찬 공기, 감기 등)을 가능한 한 피해야 합니다.
- 증상이나 최고 호기 유속을 기록하는 것은 천식 관리에 큰 도움이 됩니다.
- 매일 증상과 폐 기능을 기록하면 응급 상황에 알맞게 대처할 수 있습니다. 이뿐만 아니라 병원 진료 시 의사의 처방 계획에 큰 도움이 됩니다.
- 규칙적으로 의사를 방문해야 합니다.
- 천식을 성공적으로 관리하려면, 의사와 환자가 함께 지속적으로 관리 계획을 세워야 합니다.
- 천식 발작 시 응급대처법을 익혀야 합니다.
- 증상이 악화될 때를 대비하여 응급 약제 투여 방법, 병원 상담실 연락, 응급실 이송 등 대처 방법을 정확히 알고 있어야 합니다.",,https://www.amc.seoul.kr/asan/healthinfo/disease/diseaseDetail.do?contentId=31811,"Q. 흡입제를 사용했는데 아무런 느낌이 없습니다. 제대로 흡입이 되지 않은 것인가요?
A. 대부분의 흡입제는 흡입 시 아무런 맛이나 느낌이 없습니다.
  Q. 여러 흡입제를 사용해야 하는 경우에는 어떤 순서로 사용해야 하나요?
A. 속효성 교감신경흥분제 → 부교감신경억제제 → 스테로이드제 순서로 사용합니다. 각 흡입제마다 5분 정도의 간격을 둡니다.
  Q. 목이 잘 쉬는데 약 부작용 아닌가요?
A. 스테로이드 흡입제를 사용하는 경우 인후 자극에 의해 기침이 발생하거나 목이 쉴 수 있습니다. 흡입 후 반드시 물로 입안을 헹구어 냅니다.

Q. 증상이 좋아지면 약을 끊어도 되나요?
A. 천식 발작을 예방하기 위해 증상이 없더라도 의사의 지시대로 꾸준히 약을 투여하는 것이 중요합니다."
대장염,Colitis,"['급성 대장염', '대장질환', '만성 대장염']","설사, 점액변, 배변습관의 변화","약 1.5m 길이의 대장은 크게 결장과 직장으로 구분됩니다. 결장은 소장과 연결된 부위로부터 맹장, 상행결장, 횡행결장, 하행결장, 에스상결장으로 구분됩니다. 또한 맹장에서 나오는 가늘고 긴 튜브 모양의 충수 돌기가 있으며, 길이는 약 8~10cm입니다. 이 충수 돌기에 생기는 염증을 일반적으로 맹장염이라고 부릅니다.
  상행결장은 복부 우측에서 간을 향해 올라가는 장으로, 길이는 약 15cm 정도입니다. 횡행결장은 간만곡부에서 비장만곡부까지의 결장을 말하며, 길이는 약 45cm입니다. 하행결장은 후복벽에 고정된 기관으로, 길이는 약 25cm입니다. 에스상결장은 하행결장에 이어져 있으며, 길이는 15~50cm입니다.
  직장은 대변의 저장고 역할을 하는 기관입니다. 에스상결장에서 연결되며, 길이는 12~16cm, 지름은 4.5cm 정도입니다.
대장의 역할은 수분 및 전해질 흡수, 지방산 및 질소 화합물 흡수, 변 저장, 배변 등입니다. 맹장, 상행결장, 횡행결장은 대장 내용물에서 수분을 흡수하거나 세균성 발효를 일으키는 역할을 합니다. 결장은 주로 변을 형성, 보관, 배출하는 기능을 합니다. 항문 및 직장은 변이 증가하여 변의가 뇌로 전달되면 복압을 상승시켜서 배변을 하게끔 합니다. 이러한 역할을 하는 대장에 문제가 생기면 수분 흡수 기능에 이상이 생겨 설사를 하게 됩니다.","대장염 중에서도 각각의 질환에 따라 증상이 다릅니다. 다만 복통, 설사 등이 공통적으로 나타날 수 있습니다. 또한 발열, 혈변, 구역, 구토가 동반될 수 있습니다.",대장염은 방대한 범위의 질환을 포함하는 개념입니다. 따라서 대장염의 원인은 구체적인 질환에 따라서 다릅니다.,"대장염을 진단하기 위해 혈액 검사, 대변 검사, 복부 컴퓨터 촬영, 대장 내시경 검사 등을 시행할 수 있습니다.","최근 서구화된 식습관으로 인해 대장암을 비롯한 대장 건강 문제가 증가하고 있습니다. 연구에 의하면, 대장 질환을 유발하는 요인으로는 소고기나 돼지고기 같은 붉은 육류, 소시지와 햄 같은 가공육, 술, 비만 등이 있습니다. 반면에 대장 질환의 발생을 감소시키는 요인으로는  적절한 육체 활동, 섬유소 섭취, 마늘, 우유, 칼슘 섭취 등이 있습니다. 대장 질환을 예방하기 위해서는 규칙적으로 식사하고 반드시 아침 식사를 해야 합니다. 고지방 음식을 피하며, 섬유소가 많은 음식을 먹어야 합니다. 변의가 있으면 바로 화장실에 가야 합니다. 항문 출혈이 나타나거나 배변 습관에 변화가 생긴다면 바로 검사를 받는 것이 좋습니다. 스트레스는 바로바로 푸는 것이 좋습니다.","감염성 대장염은 대부분 단기간 내 호전되는 경향을 보입니다. 그러나 궤양성 대장염, 크론병 등의 만성으로 진행하는 대장염도 있어 주의가 필요합니다.","건강한 대장을 위해서는 다음과 같은 건강한 생활 습관 및 식습관을 실천해야 합니다.
  ① 물을 하루 6잔 이상 충분히 섭취합니다.
  ② 야채와 과일을 충분히 섭취합니다. 야채와 과일에는 식이섬유소가 풍부하게 포함되어 있습니다. 셀룰로오스와 펙틴 등의 식이섬유소는 장내 유산균 등 신체에 유익한 작용을 하는 미생물의 번식을 도와줍니다. 또한 해로운 발암물질과 불필요한 중성지방의 흡수를 방해하여 몸의 건강을 지켜줍니다.
  ③ 도정이 덜 된 곡식을 섭취합니다. 잡곡에는 불용성 섬유소가 함유되어 있으며, 이로 인해 배설물이 장 안을 더욱 빨리 통과하여 장내 벽이 독소와 접촉하는 시간이 줄어들게 됩니다. 이는 독소가 혈관에 흡수되는 것을 막는 역할을 합니다.
 
④ 저지방, 고칼슘 식이로 하루 800mg 이상의 칼슘을 섭취합니다. 장내 칼슘이 유리지방산이나 담즙산 등과 결합함으로써, 이러한 물질들이 대장을 자극하는 것을 막아 줍니다.
 
⑤ 탄산음료의 섭취를 제한합니다. 탄산음료에 포함된 인산염은 체내에서 칼슘과 결합합니다. 이는 부패한 지방독소를 제거하고 대장에서 분비된 담즙의 축적을 막는 칼슘의 기능을 저하시킵니다.
  ⑥ 발효 식품을 섭취합니다. 발효 식품은 우유보다 잘 소화됩니다. 또한 장에 좋은 유산균을 함유하고 있습니다.",https://www.amc.seoul.kr/asan/healthinfo/disease/diseaseDetail.do?contentId=32099,
상기도 감염,Upper respiratory infections,"['common cold', '감기']","열, 기침, 피로감, 목의 통증, 두통, 코막힘, 재채기, 콧물","상기도 감염은 코, 인두, 후두, 기관 등 상기도의 감염성 염증 질환을 의미합니다. 급성 비염, 급성 부비동염, 급성 인후염, 급성 중이염, 급성 기관지염 등을 포함하는 용어입니다. 흔히 감기라고 합니다.","콧물과 코막힘이 계속되면 구강으로 호흡을 하게 되어 목이 마르고 붓습니다. 편도 쪽에 염증이 생기기도 하며, 편도염이 생기면 고열, 연하(삼킴) 곤란, 호흡 곤란 등의 증상이 나타날 수 있습니다. 편도염이 자주 재발하는 경우 편도선 절제술을 시행하기도 합니다. 수술은 개개인에 따라 기대되는 효과에 따라 시행하므로 전문의와 상담 후에 결정해야 합니다.","상기도 감염(감기)은 일반적으로 바이러스 때문에 발생하는 경우가 많습니다. 세균 감염이 원인인 경우는 약 5~10% 미만으로 매우 적습니다. 감기는 흔히 아동기에 발생하며, 4~7세 전후로 절정에 달합니다. 단체 생활을 하는 경우 감염 환자에게 쉽게 전파되는 경향이 있으므로, 유치원에 다녀와서 손을 깨끗이 씻고 몸을 청결히 유지하는 것이 도움이 됩니다.",단순한 상기도 감염은 보통 임상적으로 진단하고 대증 요법으로 치료합니다. 그러나 고위험군 환자의 경우 혈액 검사 및 인두 배양 검사와 같은 추가적인 검사가 도움이 될 수 있습니다.,"상기도 감염은 보통 증상에 따른 대증 요법으로 약물 치료를 시행합니다. 일부 세균에 의한 인후염, 바이러스 감염 이후 부비동염, 중이염, 기관지염, 폐렴 등 이차적인 세균 감염이 있을 때만 항생제를 사용하는 것이 원칙입니다. 항생제를 사용하면 감기가 빨리 치료된다고 보기는 힘듭니다. 일부 세균 감염이나 합병증이 의심되는 경우에는 항생제가 도움이 됩니다.","영유아의 경우 감기를 시작으로 중이염, 폐렴 등으로 진행될 가능성이 많습니다. 아이들에게 중이염이 생기면 38℃ 이상의 발열과 이통이 있어 많이 울고 칭얼댑니다. 편도염이 심해지면서 목이 붓고 식사를 거부하는 경우도 많습니다. 발열이 지속되고, 호흡음의 변화가 생기면 폐렴이 동반되었을 가능성이 있으므로 병원에 방문하여 진료를 받는 것이 좋습니다.","상기도 감염(감기)는 신체적 접촉으로 전파됩니다. 따라서 손을 자주 씻고, 코를 함부로 후비지 말며, 감기 환자와의 접촉을 피하는 것이 가장 좋습니다. 수분을 많이 섭취하고 적절한 온도와 습도를 유지하는 것도 빠른 쾌유에 도움이 됩니다.",https://www.amc.seoul.kr/asan/healthinfo/disease/diseaseDetail.do?contentId=31816,
외상성 경막하 출혈,Traumatic subdural hemorrhage,"['subdural hemorrhage', '경막하 출혈', '경막하혈종', '급성 경막하 출혈']","호흡곤란, 구토, 혼수, 두통, 반신마비",외상성 경막하 출혈이란 교통사고와 같은 외부 충격으로 인해 뇌를 둘러싸고 있는 경막 안쪽 뇌혈관이 터지면서 뇌와 뇌의 바깥쪽 경막 사이에 피가 고이는 질환을 의미합니다. 경막하 혈종은 뇌를 압박할 수 있기 때문에 매우 긴급한 상황에 해당합니다. 조치가 늦어지면 사망에 이를 수 있습니다.,"외상성 경막하 출혈의 가장 흔한 증상은 두통, 한쪽의 위약감, 경련, 시야 장애, 언어 장애 등입니다. 출혈 초기에는 인지 기능이 저하되고, 의사소통이 잘 되지 않으며, 자꾸 잠을 자려는 모습을 보입니다. 출혈이 계속되어 뇌압이 증가하면 의식 장애가 악화되면서 반신 마비, 동공  확대, 호흡 곤란, 혼수상태 등의 증상이 나타납니다. 반면 출혈이 가볍고 뇌압 상승 등의 이상 없는 경우 의식 장애 없이 두통만 호소하기도 합니다.","외상성 경막하 출혈은 대부분 머리에 대한 직접적인 충격으로 뇌와 경막 사이의 혈관이 파열되어 발생합니다. 외부의 충격 중 가장 흔한 원인은 젊은 사람의 경우 교통사고, 무리한 운동, 폭행 등이 있고, 노인의 경우 낙상이 있으며, 영유아의 경우 학대, 폭행이 있습니다. 일부 환자(항응고제, 항혈소판제제를 복용 중인 환자)는 강한 충격이 아닌 가벼운 생활 충격(문에 머리를 부딪힘)에 의해서 발생하기도 합니다.","외상성 경막하 출혈을 진단하기 위해 혈압과 맥박을 측정하고, 시야와 안구의 빛 반응을 살피며, 반사 기능과 균형 감각, 언어 기능과 기억력 등을 확인합니다. 이를 통해 경막하 출혈이 의심되면 컴퓨터 단층촬영(CT)을 통해 뇌와 두개골의 출혈량과 해부학적 위치를 확인합니다.","검사 결과상 출혈량이 적고 환자의 상태가 양호한 경우 수술적 치료 없이 경과를 관찰합니다. 이 경우 환자의 의식 상태를 관찰하고, 뇌 전산화 단층촬영을 시행하여 지속적으로 집중 관찰합니다. 그러나 환자의 의식이 저하되고, 전산화 단층촬영에서 다량의 출혈이 확인되면 뇌의 압박을 줄이는 수술적 치료를 시행해야 합니다.
  수술 치료는 개두술을 통해 출혈된 피를 제거하는 것입니다. 뇌부종 시 뇌압 상승을 막기 위해 두개골을 열어두기도 합니다. 뇌 실질의 손상이 심하고 뇌 부종이 심하면, 손상된 뇌의 일부를 제거하여 뇌압을 줄입니다. 만니톨과 같은 뇌압을 낮추는 약물을 수일간 투여해야 합니다. 그러나 뇌 손상이 매우 심한 경우에는 뇌사 상태에 빠질 수도 있습니다.
 
만성 경막하 혈종인 경우에는 두개골 천공술을 통해 혈종을 배액하는 치료를 시행할 수 있습니다.","외상성 경막하 출혈은 수 분에서 수 시간 동안 지속됩니다. 즉시 진단하고 치료하지 않으면 심각한 뇌 손상과 사망을 초래할 수 있습니다. 경막하 혈종을 치료받은 후에도 증상은 매우 서서히 사라지며, 간혹 영원히 후유증이 남을 수도 있습니다. 외상성 경막하 출혈의 사망률은 뇌출혈 및 뇌 손상의 정도에 따라 결정됩니다. 수술 전에 의식 수준이 나쁜 환자들은 사망률이 매우 높습니다.","외상성 경막하 출혈의 가장 흔한 원인인 교통사고입니다. 따라서 안전 운전하는 습관이 제일 중요합니다. 안전모, 안전벨트 등의 안전장치를 반드시 착용합니다. 음주운전, 운전 중 DMB 및 휴대폰 사용을 하지 말아야 합니다.",https://www.amc.seoul.kr/asan/healthinfo/disease/diseaseDetail.do?contentId=31892,
인플루엔자,Influenza,['독감'],"오한, 열, 설사, 근육통, 구토, 목의 통증, 두통","인플루엔자는 감기 증세를 일으키는 바이러스 중 인플루엔자(influenza) 바이러스에 의해 발생하는 질환입니다. 독감이라고도 합니다. 독감이 일반 감기와 다른 점은 콧물, 기침, 인후통 등의 국소적인 증상보다는 발열, 근육통, 두통 등의 전신적인 증상이 훨씬 더 뚜렷하게 나타난다는 것입니다. 주로 날씨가 춥고 건조한 10월부터 5월까지 독감의 발생률이 높습니다.","독감의 증세는 일반적인 감기보다 심합니다. 피로감이 동반된 고열이 생기고, 심한 두통과 오한, 근육통을 호소합니다. 전신 증상과 함께 인후통, 기침, 콧물 등의 증상이 동반됩니다. 건강한 성인이 아주 독한 감기에 걸려서 2~3일 정도 일하기가 어려울 정도로 심한 증상이 나타나면 독감에 걸렸을 가능성이 큽니다. 어린아이의 경우에는 침을 많이 흘리고, 잘 먹지 못하며, 심하게 보채고, 잠을 잘 이루지 못합니다. 오심, 구토, 설사, 복통 등 위장관 증상이 빈번하게 나타나며, 때로는 열성 경련이 나타나기도 합니다.
                 ","바이러스 내에서 전자 돌연변이가 지속적으로 생기게 되면, 면역력이 없는 항원을 가진 바이러스가 출현하게 되고, 이렇게 면역력이 없는 바이러스가 사람들 사이에서 급속하게 퍼져 나가면서 대유행을 일으킵니다.","독감은 지역사회에 독감이 얼마나 유행하는지에 따라서 독감 유사 증상(influenza-like illness, 발열+기침 또는 인후통)이 있으면 임상적으로 진단할 수 있습니다. 경우에 따라서는 인후 도말 검체에서 신속 항원 검사, RT-PCR 검사, 바이러스 배양 검사를 통해 확진합니다.","독감을 치유하기 위해서는 충분한 휴식과 수면 등 안정을 취하는 것이 중요합니다. 합병증이 생길 위험이 큰 고위험군 환자는 가능하면 빨리 항바이러스제인 오셀타미비르(oseltamivir), 자나미비르(zanamivir) 등을 투여하는 것이 도움이 됩니다. 고위험군이 아니더라도 합병증이 생겼거나 심한 증상이 있는 경우에는 조기에 항바이러스를 투여합니다. 18세 이하 소아는 아스피린과 라이 증후군과의 관련성 때문에 아스피린 투여를 금지합니다.","대개 2~3일 정도 발열과 전신 증상이 동반되다가 호전됩니다. 약 1주 정도 지나면 대부분의 증상이 호전됩니다. 기침은 수주 간 지속될 수 있습니다. 합병증으로는 폐렴이 가장 흔합니다. 특히 소아나 만성 심폐 질환을 가진 노인, 면역 저하 환자 등은 합병증이 생겨 사망하는 경우가 있습니다.","인플루엔자에 걸리면 보통 약 1주 정도면 증상이 호전되고, 전염력도 없어집니다. 그러므로 인플루엔자에 감염된 환자는 가능하면 외부 출입을 자제하는 것이 좋습니다. 전염력이 있는 기간 동안은 마스크를 사용하는 것이 좋습니다.
  매년 인플루엔자가 유행하기 전인 9~11월 중에 인플루엔자 백신을 접종하는 것을 권장합니다. 접종 후 예방 가능한 항체를 형성하는 데 약 2주 정도가 소요됩니다.
  인플루엔자 백신의 우선 접종 대상으로는 50세 이상 성인, 만성 폐 질환, 심장 질환, 당뇨병, 신장 질환, 만성 간 질환, 악성 종양 등 기저 질환이 있는 사람, 면역 기능 저하 환자, 아스피린을 복용 중인 6~18세 소아, 사회 복지 시설 및 요양원 등 집단 시설에서 치료나 요양 중인 사람, 의료인이 있습니다. 그러나 최근에 유행하고 있는 신종인플루엔자의 경우 젊은 사람에게 많이 발생하므로, 6개월 이상의 모든 소아와 성인은 인플루엔자 예방 접종을 실시하는 것이 좋습니다.",https://www.amc.seoul.kr/asan/healthinfo/disease/diseaseDetail.do?contentId=31620,
근육 긴장성 두통,Tension-type headache,['긴장성두통'],"압통, 두통","근육 긴장성 두통은 대부분의 사람들이 경험할 정도로 가장 흔한 두통입니다. 일반적으로 스트레스, 피로, 수면 부족 등의 요인에 의해 발생하는 가벼운 두통이 바로 근육 긴장성 두통입니다. 두통이 머리에 띠를 두른 것처럼 양측성으로 나타납니다. 오후에 더 심해지는 경향이 있습니다. 쉽게 긴장하거나 경쟁적인 성격에서 흔히 나타납니다.","근육 긴장성 두통 환자가 호소하는 통증은 일반적으로 박동성이 아닌 압박감, 조이는 느낌, 머리나 어깨를 짓누르는 느낌 등입니다. 대부분 머리 양측에서 모두 나타나며, 머리에 띠를 두른 듯한 둔하고 지속적인 두통이 느껴집니다. 몇 시간에서 며칠 동안 이어지기도 하며, 규칙적으로 나타나는 경우는 드뭅니다. 두통의 빈도는 다양하여 매일 나타나기도 하고 가끔 나타나기도 합니다. 오후에 악화되는 경향이 있습니다. 진통제에 의해 잘 완화되는 편입니다.
  이에 비해 편두통은 왼쪽이나 오른쪽의 어느 한 부위에서 박동성의 통증이 나타납니다. 또한 운동을 하면 더 심해지며 울렁거리는 증상과 같은 소화기계 증상이 동반됩니다. 근육 긴장성 두통에 비해 통증이 오래 지속되지 않습니다.","지속적인 근 수축의 결과로 두통이 발생합니다. 자신도 모르게 이를 깨물거나, 힘을 주거나, 이상한 자세를 취하는 것이 원인이 될 수 있습니다.","삽화성 긴장성 두통 진단 기준(국제두통학회)
① 두통이 10회 이상 나타남
② 각각의 두통은 30분에서 7일간 나타남(평균 12시간)
③ 다음 증상 중 적어도 두 가지 이상이 나타남
- 압박 혹은 조이는 듯한 비박동성 통증
- 경도 내지 중등도의 통증
- 양측성
- 일상적인 활동으로 악화되지 않음
④ 편두통처럼 오심, 구토를 동반하지 않음. 광 공포증과 고성 공포증이 없고, 혹 있더라도 하나만 있을 수 있음.
⑤ 가장 흔한 원인은 스트레스임","근육 긴장성 두통은 진통제에 잘 반응합니다. 저빈도 삽화성(episodic) 긴장성 두통 환자의 경우 예방적 치료를 시행할 필요가 없습니다.
  만성 긴장성 두통 환자의 경우 예방적 차원에서 항우울제 등의 약물을 투여하기도 합니다. 그러나 이 경우 진통제 등을 지속적으로 사용하면 약물 의존과 약물 과용 두통으로 변형될 위험이 있으므로 조심해야 합니다. 약물 치료 이외에도 이완 요법, 스트레스 완화 요법이 효과적입니다.",근육 긴장성 두통은 만성으로 변형되지 않는 한 잘 치료됩니다. 장기적인 합병증이나 후유증도 남기지 않는 편입니다.,,https://www.amc.seoul.kr/asan/healthinfo/disease/diseaseDetail.do?contentId=31881,
고산병,Mountain sickness,"['altitude sickness', '산악병']","탈수, 식욕부진, 구토, 의식 변화, 두통, 수면장애, 어지러움, 말초부종","고산병은 산의 고도가 높아짐에 따라 저산소증이 생길 때 이를 보상하기 위한 신체의 변화를 의미합니다. 고산병은 보통 2,400m 이상의 높이에서 나타납니다. 산을 오를 때 힘들어서 생기는 숨쉬기 힘든 현상과는 다릅니다.","산의 오르막(경사) 정도나 산의 높이, 고산지대에서의 신체활동 정도, 개인의 감수성에 따라 증상이 다르게 나타날 수 있습니다.
  서서히 머리가 아파지고 피곤해지며 식욕이 없어집니다. 걷는 게 유난히 힘들며 잠이 잘 오지 않습니다. 증상이 악화되면 두통이 더 심해지고 토할 것 같으며 숨쉬기가 매우 힘들어지고 소변 양도 줄어듭니다.",높은 곳은 낮은 곳보다 산소가 부족하여 호흡 시 산소의 흡입이 부족해집니다. 이를 보상하기 위해 호흡수가 늘어나면서 혈액의 점성이 떨어지고 혈액이 신체 곳곳에 산소를 전달하지 못하여 여러 가지 신체 변화가 일어납니다.,"안정을 취하고 있어도 맥박이 110회/분 이상 뛰고 호흡은 20회/분 이상 빠르게 쉬며, 이런 증상이 없는 사람과 비교하여 일직선으로 잘 걸을 수 없고 비틀거리면 고산병을 의심해야 합니다. 증상은 더 이상 올라가지 않으면 없어지지만 개인에 따라 다릅니다.","① 산을 내려오는 게 가장 좋습니다.
② 산소를 사용할 수 있는 경우 산소를 분당 2~3L로 흡입합니다.
③ 충분한 휴식을 취합니다.
④ 산을 내려와도 증상이 없어지지 않으면 병원에서 정확한 진찰을 받아야 합니다.","고산병이 생긴 사람의 5~10%의 경우 폐부종(숨이 가빠짐)이나 뇌부종(의식 저하)이 진행됩니다. 치료를 하지 못하면 사망에 이를 수 있으므로, 의심 증상이 있으면 바로 산을 내려와야 합니다.","① 산행 시 짐을 가볍게 하고 음주와 흡연을 하지 않습니다.
② 산에 오를 때는 천천히 걸으면서 고도에 적응할 수 있는 시간을 확보합니다.
③ 탈수가 잘 발생하므로 수분을 충분히 섭취합니다. 고도가 높아질수록 더 많이 섭취합니다.
④ 산을 무리해서 올라가다가 증상을 느껴도 일행이 있으면 참고 넘어가기 쉽습니다. 본인은 저산소증으로 인해 판단이 흐려질 수 있으므로 주위 사람들이 잘 관찰해야 합니다.",https://www.amc.seoul.kr/asan/healthinfo/disease/diseaseDetail.do?contentId=32327,
아나필락시스,Anaphylactic shock,"['Anaphylactic shock', '과민성 쇼크', '아나필락시스성 쇼크', '아나필락틱 쇼크']","빈맥, 의식 불명, 기침, 호흡곤란, 구토, 발진, 저림, 피부소양감, 가슴 통증, 저혈압","아나필락시스(아나필락틱 쇼크)는 특정 물질에 대해 몸에서 과민 반응을 일으키는 것을 의미합니다. 특정 물질을 극소량만 접촉하더라도 전신에 증상이 나타나는 심각한 알레르기 반응입니다. 주로 즉각적인 반응이 나타납니다. 즉시 치료하면 별다른 문제 없이 회복되지만, 진단과 치료가 지연되면 치명적일 수도 있습니다.","과민 반응 물질에 접촉한 직후부터 대부분 1시간 안에 기침, 흉통, 입과 손발에 저린 감각, 빈맥, 소양증을 동반한 발진, 구토 등의 증상이 나타납니다. 이어서 호흡 곤란, 저혈압, 의식 소실 등이 나타나 사망하는 경우도 있습니다. ","아나필락시스는 어떤 특정한 물질에 과민 반응하는 사람이 그 물질에 접촉하면 발생합니다. 주로 페니실린 계열의 항생제나 해열진통제, 백신, 달걀, 땅콩, 해산물, 과일을 포함한 음식에 의해 일어나거나, 벌에 쏘이거나 곤충에 물렸을 때 일어날 수 있습니다.  ","아나필락시스는 주로 병력과 증상에 따라 진단합니다. 가장 중요한 진단 포인트는 비교적 멀쩡했던 사람이 특정 물질에 노출된 후 급속하게 다장기 증상(피부, 호흡기, 심혈관, 소화기계)이 진행되는 것입니다.","아나필락시스가 발생했을 때 가장 중요한 치료 방법은 에피네프린을 사용하는 것입니다. 휴대용 에피네프린이 있으면 먼저 허벅지에 자가 주사한 뒤 바로 병원으로 와야 합니다. 증상 완화를 위해 에피네프린 외에도 항히스타민제, 스테로이드, 혈압 상승제를 투여하기도 합니다.","아나필락시스는 즉각 치료해야 하는 질환입니다. 바로 치료하면 별다른 부작용 없이 회복할 수 있지만, 치료가 지연되면 의식을 잃거나 사망하는 등 치명적인 결과를 초래할 수 있습니다.",,https://www.amc.seoul.kr/asan/healthinfo/disease/diseaseDetail.do?contentId=31517,
근위축성 측색 경화증,Amyotrophic lateral sclerosis,"['Lou Gehrig disease', '근위축성 측삭경화증', '루게릭', '루게릭병']","손, 발 감각 저하, 피부 긴장도 저하, 근력 약화, 삼키기 곤란 , 언어장애","근위축성 측색 경화증(ALS)은 퇴행성 신경 질환으로, 원인이 정확히 밝혀지지 않은 희귀 질환입니다. 대뇌 및 척수의 운동신경원이 선택적으로 파괴되기 때문에 '운동신경원 질환'이라고 하며, 일명 '루게릭병'이라고도 합니다. 루게릭은 2,130경기 연속 출장 기록을 보유한 야구선수로, 근위축성 측색 경화증 진단을 받은 후 2년 만에 사망하였습니다.","근위축성 측색 경화증은 사지의 근력 약화와 근 위축, 사지 마비, 언어 장애, 호흡 기능의 저하로 인해 수년 내에 사망하는 만성 퇴행성 질환입니다. 초기에는 증상이 매우 미미하여 간과할 수 있습니다. 점차 팔과 다리에 경련이 발생하거나 힘이 빠져 자주 넘어지며, 목소리가 잘 나오지 않아 의사소통이 어려워집니다. 말기에는 삼킴 기능 장애로 인해 음식을 삼키지 못하여 쉽게 사레들고 호흡곤란이 발생합니다. 원칙적으로 근위축성 측생 경화증(루게릭병)은 운동신경 세포만 손상되는 질환이기 때문에 감각 장애, 방광 기능 장애, 지적 기능 장애는 거의 나타나지 않습니다.","근위축성 측색 경화증(루게릭병)의 원인은 정확히 밝혀지지 않았습니다. 다만 바이러스, 대사성, 감염성, 환경 오염으로 인한 중금속 축적, 면역성, 특별한 생활 사건이 발병 원인일 것으로 추정됩니다. 극히 드물게 부모로부터 유전되는 경우도 있습니다.","근위축성 측색 경화증(루게릭병)을 확진하기 위한 특정 검사는 없습니다. 전기생리학적 검사, 조직병리학적 검사를 시행하며, 비슷한 질환을 배제하기 위해 뇌척수액 검사, 근조직 검사, X-ray 및 MRI, 근전도 검사 등을 시행합니다.","현재 근위축성 측색 경화증(루게릭병)을 완치하는 특정 치료 방법은 없습니다. 근력 약화 방지, 영양 요법, 통증 관리, 호흡 재활, 언어 재활, 약물 치료 등과 같은 다방면의 대증적 요법을 시행합니다. 병의 진행을 낮추기 위한 목적으로 리루텍정(Riluzole)이라는 약을 사용하기도 합니다.","초기 증상은 손과 팔의 힘이 떨어지는 경우와 어눌한 말투, 삼킴 곤란이 나타나는 경우로 나뉩니다. 후자의 경우 일반적으로 병의 진행이 빠르다고 알려져 있습니다. 하지만 어떤 경우든 병이 진행되면 양쪽 증상이 모두 나타나며 전신 근육이 움직여지지 않으므로 침대에 누워서 지내야 합니다. 근위축성 측색 경화증(루게릭병) 환자의 약 50%가 3~4년 이내에 사망합니다.",,https://www.amc.seoul.kr/asan/healthinfo/disease/diseaseDetail.do?contentId=32523,
장폐색,Intestinal obstruction,"['ileus', '장폐색증']","빈맥, 복부 통증, 설사, 탈수, 장폐색, 구토, 복부팽만감, 변비, 저혈압","장폐색은 소장이나 대장의 일부가 여러 요인에 의해 부분적으로 또는 완전히 막혀서 장의 내용물(음식물, 소화액, 가스)이 빠져나가지 못하여, 배변과 가스가 장내에 축적되어 장애를 일으키는 현상을 말합니다.","장폐색의 대표적인 증상으로는 복통, 구토가 있습니다.
  ① 복통
복통은 발작성 혹은 경련성 통증으로 나타납니다. 좁아진 부위로 음식물을 밀어내기 위해서 장운동이 늘어나면서 통증이 생깁니다. 처음에는 폐색을 일으킨 부분에만 통증이 나타나다가, 점차 배 전체로 퍼지게 됩니다.
  ② 구토
장이 폐색된 병변의 위쪽 부분은 음식이나 체액, 소화액, 가스 등이 차면서 급격히 팽창하여 복부 팽만과 오심, 구토를 초래합니다. 구토의 정도는 폐색이 일어난 부위에 따라 다릅니다. 상부 소장이 막히면 처음부터 심한 구토증이 나타납니다. 처음에는 황갈색의 담즙이 섞인 액체를 토하다가, 시간이 지나면 대변 냄새가 나는 물질을 토합니다. 또한 수분 결핍이 심하며, 전신 증상도 단시간 내에 악화됩니다.
  ③ 기타
장이 완전히 폐색되면 대변을 보고 싶지만 전혀 볼 수 없습니다. 장폐색이 일어난 부분의 아래쪽 변은 배설될 수도 있습니다, 장폐색의 원인이 장중첩증일 때는 혈변이 나오기도 합니다. 소화 흡수 장애에 의한 수분과 전해질의 불균형에 의해 탈수, 빈맥, 저혈압이 나타납니다.","장폐색의 원인은 크게 장관이 기계적으로 막힌 경우와 장관의 운동이 마비된 경우로 나눌 수 있습니다.
  ① 장관이 기계적으로 막힌 경우
장의 통과 장애가 일어나서 장관이 기계적으로 막힙니다. 개복 수술 후에 장의 유착이 생긴 경우, 대장암 등으로 장관이 막힌 경우, 탈장이 심하고 오래되어 장관이 막힌 경우, 장중첩이 일어난 경우, 장관의 일부가 꼬여 매듭을 이루는 경우에 발생할 수 있습니다.
  ② 장관의 운동이 마비된 경우
장 이외의 장소에서 일어난 장애의 영향을 받아 장 기능이 저하되어 발생합니다. 위 또는 십이지장 궤양의 천공 등으로 급성 복막염이 생긴 경우, 급성 췌장염, 급성 담낭염, 복부 외상 등으로 복막에 심한 자극이 생긴 경우, 복부 수술을 시행한 직후 과량의 장기능 억제제를 사용한 경우에 발생할 수 있습니다.","장폐색을 비교적 쉽게 진단할 수 있는 검사 방법은 복부 단순 X-ray 촬영입니다. 환자가 서 있는 상태에서 사진을 찍었을 때 가스와 액체가 같이 관찰되면 장폐색 진단을 내릴 수 있습니다.
  복부 청진을 시행하여 장폐색의 진단과 원인을 유추할 수도 있습니다. 기계적 장폐색일 때는 장운동이 항진되어 장의 운동 소리가 크게 들립니다. 마비성 장폐색일 때는 장이 움직이는 소리를 전혀 들을 수 없습니다. 장운동의 마비로 가스가 배출되지 못하고 복부 팽만을 보입니다.
  장폐색의 원인이 무엇인지 확실히 진단하기 위해서 혈액 검사, 초음파 검사, 내시경 검사, 복부 컴퓨터 단층촬영(CT) 등을 실시할 수도 있습니다.","장폐색을 치료하기 위해서 일단 금식하면서 수액 요법으로 수분, 전해질, 영양분을 공급하는 내과적인 요법을 실시합니다.
  기다란 관(레빈튜브)을 코를 통해 위장까지 삽입하여 2~3일 정도 가스와 장 내용물을 흡인합니다. 이러한 치료를 감압법이라고 합니다. 폐색 병변 상부에 저류된 장 내용물을 배출시켜 팽창된 부위의 압력을 감소시키는 처치입니다. 이 방법을 통해 환자의 증상을 호전시키고, 장벽 손상을 방지하여, 장 천공 및 패혈증의 발생을 예방할 수 있습니다.
  장폐색은 대부분 감압과 수액 공급으로 환자 상태를 호전시킨 후 계획적으로 수술을 진행할 수 있습니다. 이러한 내과적인 치료로도 효과가 없는 기계적인 폐색이거나, 증상이 급격하게 악화되어 쇼크를 일으켜 사망할 수 있는 상태라면 응급 수술로 원인을 제거해야 합니다.",장폐색이 오래 진행되면 위장관이나 췌장에서 분비된 소화액이 장에서 흡수되지 못하고 장내에 머물게 되면서 수분 및 전해질의 결핍을 초래하여 쇼크 상태가 일어납니다. 또한 장내압이 높아지면 혈액 순환을 방해하므로 장점막의 괴사와 이에 따른 천공을 일으킬 수 있습니다.,,https://www.amc.seoul.kr/asan/healthinfo/disease/diseaseDetail.do?contentId=32067,
아토피성 피부염,Atopic dermatitis,"['Atopic eczema', '소아 아토피', '아기 아토피', '아토피', '아토피 습진', '아토피피부', '아토피피부염']","물집, 피부 건조, 습진, 태선화, 환부의 분비물, 발진, 피부소양감","아토피성 피부염은 심한 가려움증을 동반하고 만성적으로 재발하는 피부 습진 질환입니다. 아토피성 피부염은 천식, 알레르기 비염, 만성 두드러기와 함께 대표적인 알레르기 질환 중 하나입니다. 보통 태열이라고 부르는 영아기 습진은 아토피 피부염의 시작으로 볼 수 있습니다. 아토피성 피부염의 발생 빈도는 나이가 들면서 점점 줄어들지만, 소아, 청소년, 성인에 이르기까지 호전과 악화를 반복하며 만성적인 경과를 보이기도 합니다. 전 세계적인 소아의 이환율은 약 10~30%입니다. 2010년 국내에서 실시한 설문 조사에서는 초등학생의 35.6%가 아토피 피부염으로 진단받았던 병력이 있다고 대답하였는데, 이는 2000년의 24.9%보다 현저히 증가한 것입니다.
 ","아토피성 피부염의 가장 큰 특징은 심한 가려움증 및 외부의 자극이나 알레르기 유발 물질에 대한 매우 민감한 반응입니다. 가려움증은 보통 저녁에 심해지고, 이때 피부를 긁어서 피부의 습진성 변화가 발생하는 것이 특징입니다. 그리고 습진이 심해지면 다시 가려움증이 더욱 심해지는 악순환을 반복하게 됩니다.
  아토피성 피부염이 나타나는 부위는 연령에 따라 다릅니다. 생후 2세까지의 유아기에는 주로 머리, 얼굴, 몸통, 팔다리가 펴지는 부위에 붉고, 습하고, 기름진 딱지를 형성합니다. 급성기 습진으로 나타납니다. 사춘기 이전까지의 소아기에는 이마, 눈 주위, 귀 주위, 사지 접히는 부위에 피부가 두꺼워지고 건조해지는 습진이 나타납니다. 사춘기와 성인기에는 피부 건조, 손발 유두 습진, 태선화 등 소아기와 비슷한 분포를 보입니다.
 ","아토피성 피부염은 환자의 유전적인 소인과 환경적인 요인, 환자의 면역학적 이상과 피부 보호막의 이상 등 여러 원인이 복합적으로 작용하여 나타나는 것으로 알려져 있습니다. 아토피 환자의 70~80%는 가족력이 있습니다. 부모 중 한쪽이 아토피성 피부염이 있으면 자녀의 50%에게, 부모 두 명에게 모두 아토피성 피부염이 있으면 자녀의 75%에게 아토피성 피부염이 나타납니다. 
  최근 들어 환경 요인의 중요성이 강조되고 있습니다. 농촌의 도시화, 산업화, 핵가족화로 인한 인스턴트식품 섭취의 증가, 실내외 공해에 의한 알레르기 물질의 증가 등이 아토피성 피부염 발병과 밀접한 관련이 있습니다.
  또한 환자의 80% 이상은 면역학적 이상을 보여, 혈액 속에서 면역글로불린E(IgE)이 증가한다고 합니다. 아토피성 피부염 환자는 대부분 음식물이나 공기 중의 항원에 대한 특이 IgE 항체가 존재합니다. 항원에 노출되면 양성 반응을 보여 아토피 증상이 나타납니다.","아토피성 피부염은 특정 검사로 한 번에 진단하는 병이 아니라, 환자가 가지고 있는 특징적인 증상을 토대로 진단하는 병입니다. 아토피성 피부염 진단 기준에 해당하는 주 증상으로는 가려움증, 연령에 따라 특징적으로 나타나는 피부염의 모양 및 발생 부위, 아토피 질환의 가족력, 만성 및 재발 경과 등이 있습니다. 
  그 밖에 다양한 보조 진단 기준으로 피부건조증, 잦은 피부 감염, 눈 주위 색소 침착, 구순염, 안면 창백, 얼굴 피부염, 목주름, 백색 피부 묘기증, 식품, 환경이나 감정 요인에 의한 악화, 혈청 면역글로불린 E의 증가, 피부 시험 양성 소견 등이 있습니다. 
  아토피성 피부염에 필요한 검사로는 혈액 검사, 피부 단자 검사, 음식물 알레르기 검사 등이 있습니다. 필요에 따라 이러한 검사를 시행합니다.
  ① 혈액 검사
혈액 검사는 혈액 속에 있는 면역글로불린(Ig E), 혈청 총면역글로불린(Ig E) 농도로 아토피 양상을 판단하는 검사 방법입니다. 우리 몸은 내부로 침입한 외부 물질(항원)을 제거하기 위해 항체를 만드는데, 여러 항체들 중 면역글로불린 중 Ig E가 아토피와 관련이 있습니다. 아토피 피부염 환자의 80% 정도는 이 수치가 증가된 상태입니다. 하지만 이 수치가 정상이더라도 아토피성 피부염이 나타날 수 있기 때문에, 진단에는 제한적으로 이용합니다.
  ② 피부 단자 검사
피부 단자 검사는 소량의 항원을 피부에 살짝 바늘로 찔러 넣어 두드러기 양상 발진이 발생하는 정도를 보고 알레르기 반응을 판단하는 방법입니다. 알레르기 반응이 양성이면 주변 상황 및 환자의 과거 병력을 고려해서 유발 요인으로 판단합니다. 하지만 달걀과 같은 음식물 항원에 양성 반응이 나오더라도 그것이 100% 원인 물질이라고 단정할 수는 없습니다. 확진하려면 음식물로 유발 시험을 거쳐야 합니다.
  ③ 음식물 알레르기 검사
음식물 알레르기 검사는 하루에 먹은 음식들과 증상 발현을 일기 형식으로 기록한 것을 바탕으로, 의심되는 음식물이 실제 아토피성 피부염의 원인으로 작용하는지 확인하는 방법입니다. 음식물 알레르기와 아토피성 피부염이 항상 동반되는 것은 아니기 때문에 의사와 상의하여 필요한 경우에 시행합니다. 음식물 유발 시험을 할 때는 검사 전 일주일 동안 약물 사용을 금하고, 의심되는 음식물을 2주 동안 금식해야 합니다. 검사 후에 환자에게 아무런 증상이 나타나지 않으면 임상적으로 원인 음식물이 아니라고 판정합니다.","아토피성 피부염의 치료 원칙은 증상의 발현과 악화를 예방하기 위해 원인과 유발 인자를 제거하고, 적절한 목욕 및 보습제 사용을 통해 피부를 튼튼하고 청결하게 유지하는 것입니다. 2차 피부감염증을 예방하기 위해서 필요한 경우 국소 스테로이드제, 국소 칼시뉴린억제제, 항히스타민제, 면역조절제, 항바이러스제 등을 적절하게 사용합니다. 
  하지만 이러한 치료에 반응하지 않거나 아토피성 피부염이 심한 환자는 환자의 증상이나 사정을 고려하여 자외선 치료와 같은 광선 치료, 인터페론 감마, 사이클로스포린과 같은 면역 억제제, 면역글로불린을 정맥주사하는 등의 전문 치료를 시행할 수 있습니다. 같은 환자더라도 피부염의 상황에 따라 적절한 치료법을 선택해야 하기 때문에, 전문의와의 상담이 중요합니다.","아토피성 피부염은 호전과 악화를 반복하는 만성 경과를 보입니다. 예후는 환자의 피부 상태, 자극 요인, 알레르기 질환의 동반 여부, 세균 감염 여부 등에 따라 다양합니다. 대부분 환자가 성장하면 완화되는 양상을 보입니다. 그렇지만 영유아기 아토피성 피부염을 갖고 있던 환자 중 일부는 자라면서 천식이나 비염 등의 다른 알레르기 질환으로 이행하는 알레르기 행진(allergic march)의 경과를 보일 수도 있습니다. 아토피성 피부염으로 인한 합병증으로는 피부감염증(단순포진, 대상포진, 농가진, 물사마귀 등), 안구 증상(아토피 결막염, 백내장, 녹내장, 망막 박리)이 있습니다.",,https://www.amc.seoul.kr/asan/healthinfo/disease/diseaseDetail.do?contentId=31519,
대상포진,Herpes zoster,"['Zoster', 'shingles']","딱지, 환부 통증, 두통, 발진","대상포진은 수두-대상포진 바이러스(varicella-zoster virus, VZV)가 소아기에 수두를 일으킨 후 신경 주위에 무증상으로 남아 있다가, 수두-대상포진 바이러스에 대한 면역력이 떨어질 때 신경을 타고 나와 피부에 발진을 일으키면서 심한 통증을 유발하는 질환을 의미합니다.","대상포진은 주로 몸통이나 엉덩이 부위에 생깁니다. 그러나 신경이 있는 부위이면 얼굴, 팔, 다리 등 어디에서든 발생할 수 있습니다. 
  대상포진의 주요 증상은 통증입니다. 통증은 몸의 한쪽 부분에 국한되는 경우가 대부분입니다. 아프거나 따끔거리는 느낌의 통증이 발생합니다. 이러한 증상이 1~3일 정도 이어진 후 붉은 발진이 나타나며, 열이나 두통이 발생합니다. 수포는 2~3주 정도 지속됩니다. 수포가 사라진 후 농포, 가피가 형성되며, 점차 사라집니다. 
  통증은 병변이 사라진 후에도 지속될 수 있습니다. 이것이 포진 후 신경통입니다. 드물게 수포 없이 통증이 발생하거나 통증 없이 수포가 발생하는 경우도 있습니다. 포진 후 신경통의 통증이 일반적인 진통제에 반응하지 않을 정도로 매우 심한 경우, 신경 차단술 등을 시행할 수도 있습니다. ","대상포진의 주된 원인은 (세포 매개성) 고령, 면역 저하제 사용, 이식, 에이즈 등으로 인해 면역력이 떨어지는 것입니다. 면역력이 떨어지면, 바이러스가 증식하여 신경을 따라 피부로 다시 나오면서 대상포진이 발생합니다. 암, 에이즈, 항암 치료, 방사선 치료, 이식 후 거부 반응을 막기 위해 면역 억제제를 복용하거나 장기간 스테로이드를 복용하는 경우에 면역력이 감소할 수 있습니다. 이외에 질병, 사고, 스트레스 등으로 몸의 면역력이 약해져 대상포진이 발생하기도 합니다. ","대상포진은 피부 병변의 모양을 확인하여 진단합니다. 대상포진의 수포는 신경을 따라 무리를 지어 특징적(발진, 수포, 농포, 가피의 여러 단계가 산재한 양상)으로 나타나기 때문입니다. 다만 전형적인 피부 변화가 나타나지 않는 대상포진이 있기 때문에 피부 병변을 긁어 현미경적 검사, 바이러스 배양 검사, 분자 유전자 검사를 시행할 수 있습니다.",대상포진은 항바이러스제를 사용하여 치료합니다. 조기에 항바이러스제를 투약하는 것이 효과가 좋습니다. 대상포진으로 인한 통증을 조절하기 위해 진통제를 복용합니다. 진통제의 종류는 증상의 정도에 따라 선택합니다.,"대상포진 후 신경통은 병변이 치료된 후에도 통증이 지속되는 것을 의미합니다. 이는 바이러스가 신경을 타고 피부로 나오면서 신경에 생긴 염증으로 인해 통증이 사라지지 않고 남아있는 것으로 이해됩니다. 이러한 통증은 수개월 정도 지속되지만, 심한 경우 수년 동안 지속될 수도 있습니다. 대상포진 후 신경통은 노인에게 잘 나타납니다.
  대상포진이 발생한 초기에 약을 사용하면 이러한 합병증의 발생 가능성을 줄일 수 있습니다. 대상포진 백신을 투여하면 이러한 포진 후 신경통의 발생 빈도가 낮아집니다. 
다른 합병증으로 대상포진 바이러스가 내부 장기로 퍼지는 경우가 있습니다. 이는 수두와 비슷한 양상을 보이며, 주로 면역력이 떨어진 환자에게서 발생합니다. ",수포 부위에 박테리아가 감염되면 치료가 지연됩니다. 통증이 지속되며 붉은 기운이 증가하거나 다시 나타나는 경우에는 반드시 의사와 상담해야 합니다. ,https://www.amc.seoul.kr/asan/healthinfo/disease/diseaseDetail.do?contentId=31541,
난청,hearing loss,"['돌발성 난청', '선천성 난청', '소음성 난청', '전도성 난청', '전음성 난청']","청력장애, 이명, 어지러움, 귀의 통증","난청은 말, 소리를 듣는 데 어려움이 있는 증상을 의미합니다. 난청은 진단명이라기보다는 잘 들리지 않는 증상 자체를 말합니다. 난청의 원인은 매우 다양하며, 유발 원인에 따라 여러 진단명이 있습니다.","난청이 있으면 소리가 작게 들리거나 멀리서 오는 것으로 느껴집니다. 들리는 소리의 성질이 바뀌어 말소리가 왜곡되거나 깨져서 들리고, 특정 소리에 불쾌감이 생길 수도 있습니다. 시끄러운 곳에서 소리를 알아듣기 어려워지며, 소리의 방향을 알아채기가 어려워집니다. 이러한 난청의 증상은 각 원인에 따라 언제부터인지도 모르게 서서히 발생할 수도 있고, 어느 날 갑자기 발생할 수도 있습니다. 한쪽 귀만 유난히 안 들리거나 양쪽 귀가 비슷하게 안 들리기도 합니다. 귀울림(이명)은 난청에 가장 흔히 동반되는 증상입니다. 경미한 난청이 갑자기 발생하면, 난청보다 귀울림(이명)을 더 심하게 느끼기도 합니다. 난청의 원인에 따라서 어지럼증, 귀의 통증, 분비물이 동반되기도 합니다.","소리는 귀를 지나 달팽이관과 신경을 거쳐 뇌에 도달하여 인식됩니다. 소리가 잘 들리지 않는다는 것은 이 과정 중 어딘가에 문제가 있다는 것을 의미합니다. 난청의 원인은 매우 다양하지만, 외부 소리를 인식하는 과정 중 어느 부분에 문제가 있느냐에 따라 크게 두 종류로 나뉩니다.
  소리는 귓바퀴에서 모여 외이도를 지나 고막을 울립니다. 고막의 울림은 다시 고막에 붙어있는 귓속뼈의 진동을 일으키고, 이 진동이 달팽이관으로 전달됩니다. 여기까지의 소리 전달 과정 중에 문제가 발생한 것을 전음성 난청이라 합니다. 전음성 난청의 원인에는 외이도 염증, 귀지로 인한 막힘, 고막의 손상, 삼출성 중이염, 만성 중이염, 귓속뼈의 기능 이상 등이 있습니다.
  달팽이관까지 소리의 진동이 잘 전달되었다면 달팽이관은 감각신경 세포를 이용하여 이 진동을 신경 신호로 바꾸고 신경을 통해 뇌로 전달합니다. 이 과정에 문제가 생긴 것을 감각신경성 난청 혹은 신경성 난청이라 합니다. 감각신경성 난청은 그 원인이 다양하며, 이에 따라 세분화됩니다. 태어날 때부터 소리의 신경 전달 과정에 문제가 있는 선천성 난청, 강력한 소음에 의해 신경세포가 손상된 소음성 난청, 별다른 원인 없이 갑자기 청력이 크게 감소하는 돌발성 난청, 서서히 청력이 감퇴하는 노인성 난청, 달팽이관 신경세포를 파괴하는 약물에 의한 약물 독성 난청, 메니에르병이나 만성 중이염에 의한 합병증, 뇌종양에 의한 신경 손상 등이 있습니다.","난청이 발생한 원인을 알아내기 위해서는 우선 난청의 양상에 대해 자세한 상담을 진행하고, 이와 함께 외이도와 고막의 상태를 진찰해야 합니다. 각종 청력 검사는 난청의 여부와 정도를 판단하는 데 필수적입니다. 청력 검사의 결과에 따라 진단이 크게 달라지므로 반드시 전문가에게 검사를 받아야 합니다. 필요한 경우 특수 청력 검사, 측두골 CT, 측두골 MRI를 진행하기도 합니다. 선청성 난청은 조기에 진단하기 어려우므로 태어난 지 수일 이내에 신생아 난청 선별검사를 받는 것이 좋습니다. 이 검사에서 이상 소견이 발견되면 난청을 확진하기 위해 뇌파 검사를 다시 받습니다. ","난청을 일으킨 원인에 따라 치료 방법도 달라집니다. 전음성 난청은 외부 소리가 달팽이관까지 전달되지 못하거나 전달의 효율에 문제가 있는 경우입니다(원인 부분 참조). 따라서 항생제 등을 이용한 약물 치료, 중이염 수술 같은 수술 치료를 진행하여 난청을 치료할 수도 있습니다. 일시적인 문제가 아니거나 수술을 통해 청력을 향상시킬 수 없는 경우라면, 보청기가 큰 도움이 될 수 있습니다.
  감각신경성 난청은 원인에 따라 약물 치료로 일부분 또는 완전히 호전될 수도 있습니다. 갑자기 청력이 감소하는 돌발성 난청은 증상이 발생한 지 한 달 이내에 집중적인 약물 치료를 시행하는 것이 매우 중요합니다. 하지만 청력의 변동을 기대하기 어렵다고 판단되거나 청력 자체가 향상될 여지가 없을 경우 보청기의 도움을 받을 수 있습니다. 
  최근에는 초소형 보청기 및 귀를 완전히 막지 않아 불편함이 덜한 보청기도 개발되었습니다. 난청의 원인을 정확하게 진단한 후에 보청기를 처방받아야 합니다. 심한 선천성 난청의 경우 조기에 인공와우 수술을 받으면 정상적인 언어 발달이 가능합니다. 따라서 신생아 시기에 선별검사로 난청을 진단하는 것이 중요합니다.",,"어린이의 경우 상기도 감염의 합병증으로 중이염이 생기는 경우가 많습니다. 따라서 감기를 예방해야 하며, 중이염이 발생했다면 만성으로 진행하지 않도록 적기에 치료해야 합니다.
 
최근에는 소음에 의한 난청이 점차 증가하고 있습니다. 소음에 노출되지 않는 것이 유일한 예방법이며, 부득이하게 노출되는 경우 반드시 귀를 보호하여 강한 소음에 직접 노출되지 않도록 해야 합니다. 음악을 크게, 장시간 들으면 달팽이관이 손상되어 영구적인 난청이 발생할 수 있습니다. 보호 기구 없이 강한 총격음을 반복적으로 듣고서 소음성 난청이 생기는 경우도 많습니다. 이런 경우 수 주 이내에 청력을 회복하지 못하면 영구적인 난청과 귀울림으로 진행될 수 있으므로 유의해야 합니다.
  일부 약제는 달팽이관에 독성이 있습니다. 따라서 치료를 위해 약제를 사용하는 경우 조심스럽게 사용해야 합니다.
  나이가 많아짐에 따라 발생하는 노인성 난청의 경우, 언제부터, 어느 정도로 청력이 감소하는지는 개인마다 다릅니다. 50대부터 청력이 조금씩 감퇴하는 경우가 매우 흔합니다. 하지만 이러한 청력의 감퇴는 연령 증가에 따른 피할 수 없는 기능 감퇴의 과정이므로 현대 의학으로 예방하기 어렵습니다. 따라서 적절한 때에 청력을 진단하고, 개인의 활동 정도나 생활 패턴에 따라 전문가와 상의하여 보청기를 이용한 재활의 필요성 및 시점을 결정해야 합니다.",https://www.amc.seoul.kr/asan/healthinfo/disease/diseaseDetail.do?contentId=32171,
만성 비염,Chronic rhinitis,"['비염', '비후성 비염']","후각장애, 기침, 코막힘, 재채기, 콧물","비염은 비강을 덮고 있는 점막의 염증성 질환을 의미합니다. 비염의 증상은 코막힘, 콧물, 기침, 재채기, 후각 소실, 후비루 증후군 등이 있습니다. 비염의 원인은 매우 다양하고 복합적으로 작용하는 경우가 많아서 임상 양상에 따라 급성, 만성, 위축성으로 나눌 수 있습니다. 비염의 종류 중 하나인 만성 비염 역시 매우 다양한 원인에 의해 발생하며, 크게 알레르기성과 비알레르기성으로 나눌 수 있습니다.","만성 비염에는 다양한 증상이 있습니다. 그중에서 가장 많이 나타나는 증상은 만성 콧물이며, 이 밖에도 코막힘, 재채기, 가려움증 등이 나타납니다. 코막힘이 심하여 양쪽 코가 모두 막힌 경우에는 입으로 호흡하는 구호흡이 나타날 수 있으며, 비강의 분비물이 뒤쪽 콧구멍으로 흘러내리는 경우에는 후비루 증후군이 나타날 수 있습니다. 염증이 지속되어 비점막의 신경이 노출되면서 발작성 재채기를 일으키기도 하며, 후각 소실이나 후각 감퇴가 나타날 수도 있습니다.","만성 비염은 원인에 따라 감염성과 비감염성으로 나눌 수 있습니다. 세균에 의해 발생하는 만성 감염성 비염의 경우, 급성 비염(감기)이 완전히 치료되지 않아 반복적으로 발생하거나, 부비동염이나 반복적인 편도선 염증으로 인한 비염이 오래 지속되거나, 전신적인 영양 상태가 불량하여 발생할 수 있습니다. 비감염성 만성 비염은 자율신경계의 불균형, 호르몬 이상, 약물, 정서 불안, 비강 구조 이상 및 비강 종양에 의해 나타날 수 있습니다.",,"알레르기 비염과 비알레르기 비염 모두 비강 분무 스테로이드제와 경구 약물 치료, 식염수를 이용한 비강 세척으로 증상을 개선할 수 있습니다. 알레르기 비염의 경우 원인이 되는 항원을 피하는 회피 요법과 알레르기 반응을 줄여주는 면역 요법도 도움이 됩니다.
내과적 치료에 반응하지 않는 경우에는 비갑개 성형술이나 비갑개 부분절제술 등과 같은 수술적 요법을 시행합니다. 일반적인 예방법으로는 손을 깨끗이 씻는 것이 중요하며, 먼지, 피로나 스트레스, 급격한 온도 변화, 담배 연기나 매연 등의 비염 유발 요소를 피하는 것도 예방에 도움이 됩니다.","만성 비염의 합병증으로 만성 비부비동염, 누낭염, 결막염, 중이염, 인후두염 등이 발생할 수 있습니다.",,https://www.amc.seoul.kr/asan/healthinfo/disease/diseaseDetail.do?contentId=32437,
급성 신우신염,Acute pyelonephritis,"['신우신염', '신우염']","오한, 열, 오심, 배뇨곤란, 근육통, 빈뇨, 배뇨 시 통증, 구토, 두통, 잔뇨감, 요통",급성 신우신염은 신장이나 신우 등 상부 요로계가 감염된 것을 의미합니다. 방광이나 요도의 감염은 하부 요로 감염이라고 합니다.,"급성 신우신염에 걸리면 열이 나며 등 뒤의 늑골척추각(맨 아래 갈비뼈와 척추가 만나는 부위)을 살짝만 쳐도 아픕니다. 요도염이나 방광염이 선행되는 경우가 많습니다. 소변을 눌 때 통증이 느껴지거나, 배뇨한 뒤에도 또 소변을 보고 싶어지는 증상이 나타납니다.","급성 신우신염의 원인은 대개 세균(박테리아) 감염입니다. 세균이 방광에서 신장으로 거슬러 올라가 발생하는 감염이 대부분입니다. 혈류를 통해 신장에 감염되기도 합니다. 예를 들어 세균 감염에 의하여 방광염이나 요도염이 발생하고, 어떤 원인에 의해 소변이 아래에서 위로 역류하는 이상 현상이 생기면 세균이 신장으로 거슬러 올라가 신우신염이 발생합니다. 대장균에 감염되는 경우가 많습니다. 최근에는 항생제 사용이 증가하면서 항생제 내성균의 감염이 문제가 되고 있습니다.","급성 신우신염은 소변 검사, 소변균 배양 검사, 혈액 검사를 통해 진단합니다. 증상을 보고 추정하기도 하지만 유사한 증상이 나타나는 질환이 많습니다. 이러한 검사를 하기 전에 미리 항생제를 쓰면 진단하기 어려워질 수 있습니다.","급성 신우신염의 치료에는 안정을 취하는 것이 중요합니다. 또한 충분한 수분을 섭취하는 것이 좋습니다. 약물 치료의 경우 우선 일반적인 항생제를 사용하고, 배양 검사의 결과에 따라 약물을 변경합니다. 증상에 따라 경구 항생제를 사용하거나 입원하여 정맥주사 항생제를 투여할 수 있습니다. 치료 기간은 환자의 상황과 병력, 증상의 정도에 따라 달라질 수 있지만 일반적으로 7~14일입니다. 신우신염의 심한 형태인 신장 농양이 발생한다면 농양 배액술이 필요할 수 있으며, 이 경우 항생제를 6주까지도 사용할 수 있습니다.","합병증으로 신장 농양 및 패혈증이 생길 수 있습니다. 반복적인 신우신염은 신장 손상을 초래할 수 있습니다. 신우신염을 제때 발견하지 못 하거나 치료하지 못하면 계속 재발하거나 만성 신우신염으로 진행합니다. 특히 방광 요로 역류와 폐쇄성 요로병증이 있는 소아의 만성 신우신염은 신장에 반흔과 손상을 남깁니다. 결과적으로 빈혈, 고혈압, 성장 부진, 대사성 이상을 보이는 만성 신부전으로 발전할 수 있습니다.",,https://www.amc.seoul.kr/asan/healthinfo/disease/diseaseDetail.do?contentId=31737,
뇌전증,Epilepsy,"['epilepticseizure', 'epilepticsyndrome', '간질발작', '간질병', '간질증후군', '간질']","온몸이 떨림, 손떨림, 뇌전증 발작 , 의식 저하, 눈꺼풀의 떨림, 경련","뇌전증(간질)은 뇌 신경세포가 일시적으로 이상을 일으켜 과도한 흥분 상태를 유발함으로써 나타나는 의식 소실, 발작, 행동 변화 등과 같은 뇌 기능의 일시적 마비 증상이 만성적, 반복적으로 발생하는 뇌 질환을 의미합니다.
  대뇌에서는 서로 연결된 신경세포들이 미세한 전기적인 신호를 통해 정보를 주고받습니다. 이러한 정상적인 전기 신호가 비정상적으로 잘못 방출되면 발작이 나타납니다.","뇌전증(간질)의 가장 흔한 증상은 운동성 경련 발작입니다. 하지만 증상은 다양한 양상으로 나타납니다. 뇌의 영역과 위치에 따라 고유 기능이 모두 다르기 때문입니다. 
팔의 움직임을 조절하는 뇌 영역에서 발작 증상이 나타나면, 단지 한쪽 팔만 떠는 정도의 증상만이 발생할 수 있습니다.
  측두엽 부분에서 뇌전증(간질) 증세가 나타나면, 멍해지면서 일시적으로 의식을 상실하고 입맛을 다시는 증상이 나타날 수 있습니다. 양쪽 뇌에 전체적으로 퍼지면, 거품을 물고 온몸이 뻣뻣해지며 대발작이 발생할 수도 있습니다. 
  이처럼 뇌전증(간질)에 의한 발작은 영향을 받은 뇌의 부위와 그 강도에 따라 눈꺼풀을 가볍게 깜빡이는 것부터 몸 전체가 격심하게 떨리는 것까지 다양한 양상으로 나타납니다.","뇌전증(간질)의 원인에는 임신 중의 영양 상태, 출산 시의 합병증, 두부 외상, 독성 물질, 뇌 감염증, 종양, 뇌졸중, 뇌의 퇴행성 변화 등이 있습니다. 하지만 아직 뇌전증(간질)의 정확한 발생 기전을 알 수 없는 경우도 많습니다. 뇌전증(간질)은 출생 시, 출생 후에 모두 발생할 수 있습니다. 
  뇌전증 발작이 여러 심각한 뇌 질환의 증상 중 하나로 발생할 수도 있습니다. 이러한 경우에 뇌전증(간질)의 원인이 된 질환이 더 문제가 되는 경우가 많습니다. 
  뇌전증(간질)을 유발하는 대표적인 질환을 연령에 따라 구별하면 다음과 같습니다.
① 영아기 : 주산기 뇌 손상, 선천성 기형, 저칼슘증, 저혈당증, 대사성 질환, 뇌막염, 뇌염
② 유아기 : 열성경련, 주산기 뇌 손상, 감염
③ 학동기 : 특발성, 주산기 뇌 손상, 외상, 감염
④ 청장년기 : 외상, 종양, 특발성, 감염, 뇌졸중
⑤ 노년기 : 뇌졸중, 뇌 외상, 종양, 퇴행성 질환
  이처럼 뇌전증(간질)의 원인은 연령에 따라 달라집니다. 뇌전증(간질)이 발생한 경우 그 원인에 대한 정확한 검사가 필요합니다. ","뇌전증(간질)의 원인을 알기 위해서는 우선 발작이 언제 어떻게 일어나고, 발작 시에 눈과 손이 어떤 모양이었으며, 발작이 얼마나 지속되었는지, 환자가 반응했는지, 환자가 기억하는지에 대한 문진을 시행합니다. 그 이후 증상에 따라 뇌자기 공명영상(MRI), 뇌파 검사(EEG), 양전자 방출 단층촬영법(PET) 등을 시행합니다.
  이러한 검사는 뇌전증(간질) 병소를 찾아내는 상호 보완적인 검사로, 각각의 성격이 조금씩 다릅니다. 따라서 모든 검사에서 이상이 확인될 수도 있고, 여러 검사 중 한 가지에서만 이상이 확인될 수도 있습니다. 정확한 진단을 하기 위해서는 여러 검사를 시행하는 것이 좋습니다. 이외에 환자의 상태에 따라 추가적인 검사를 시행하기도 합니다.","뇌전증(간질)의 치료는 크게 약물 치료와 수술 치료로 구분됩니다. 두 치료 방법 중 약물 치료가 우선이며 기본입니다. 뇌전증(간질) 환자 10명 중 7~8명은 약으로 조절됩니다. 약으로 조절되는 7~8명 중 3명은 2~5년 정도의 약물 치료 후에 약을 끊어도 경련이 재발되지 않습니다. 약물로 조절되는 나머지 3~4명은 약을 끊으면 경련이 재발하므로 오랜 기간 항경련제를 복용해야 합니다. 약물로 뇌전증(간질)이 완전히 조절되지 않는 환자는 대략 10명 중 3명 정도입니다. 이들 중 수술 치료의 대상이 되는 환자는 뇌전증(간질) 수술을 진행합니다.
  ① 약물 치료
- 고전적 항경련제
이전부터 많이 사용되던 약물로 페니토인(딜란틴, 히단토인), 발프로산(오르필, 데파킨, 데파코트), 카바마제핀(테그레톨), 페노바비탈(루미날, 페노바비탈), 클로나제팜(리보트릴), 클로바잠(센틸) 등이 있습니다.
  - 새로운 항경련제
1990년대 이후에 개발되거나 상용화된 약물 중에는 기존의 항경련제와 다른 성질을 갖는 것이 많습니다. 이것들은 심각한 부작용이 적으며 약물 상호작용 측면에서도 우수한 점이 있습니다. 처음에는 주로 추가 약물 요법으로 사용되었으나, 점차 단일요법제로 많이 사용되고 있습니다. 이러한 약물에는 토피라메이트(토파맥스), 라모트리진(라믹탈), 비가바트린(사브릴), 옥스카바제핀(트리렙탈), 레비티라세탐(케프라), 조니사마이드(엑세그란), 프레가바린(리리카), 가바펜틴(뉴론틴), 라코사마이드(라코정), 페람파넬(파이콤파) 등이 있습니다.
  - 항경련제의 이용
뇌전증 발작의 종류와 뇌전증 증후군에 따라 사용하는 약물이 조금씩 다르므로 전문의와 잘 상의해서 사용해야 합니다. 초기 치료는 보통 한 가지의 항경련제로 시작합니다. 이후 치료 반응에 따라 적절한 복용량을 결정합니다. 소량부터 복용하여 점차 복용량을 늘리는 경우도 있습니다. 최대 용량까지 증량하여 복용해도 만족스러운 효과를 얻지 못한다면, 약물의 작용 기전이 다른 항경련제를 병용하거나 다른 항경련제로 바꾸어 치료합니다. 
  적절한 항경련제는 뇌전증(간질)의 형태, 환자의 나이, 동반된 질환, 다른 항경련제와의 약물 상호작용, 복용 중인 다른 약물과의 약물 상호작용 등을 고려하여 선택해야 합니다. 특히 모든 항경련제는 부작용이 있을 수 있으므로 이에 대한 예비 지식을 갖추고 있어야 합니다. 부작용이나 과민 반응이 발생하면 바로 주치의에게 진료받아야 합니다.
  ② 수술 치료
약물로 완전히 조절되지 않는 약물 난치성 뇌전증(간질)은 발작을 일으키는 뇌 조직(간질 초점 부위)을 수술로 제거하여 치료할 수 있습니다. 이러한 제거술은 약 50년 전부터 시행되었습니다. 수술적 치료의 대상인 환자는 다음과 같습니다.
- 뇌전증(간질)이 약물로 조절되지 않는 환자 
- 약물 요법으로 뇌전증(간질)이 조절되더라도 평생 약을 복용해야 하고, 수술적 요법으로 치료할 수 있으며, 수술적 요법이 약물치료보다 유리한 환자
- 난치성 뇌전증(간질)은 아니더라도 간질의 원인이 뇌종양, 뇌혈관 기형 등에 있어서 종양의 진행이나 뇌혈관 기형에 의한 출혈의 위험성을 막기 위해 뇌전증(간질) 수술을 시행하는 환자
- 드물지만 약에 대한 심각한 부작용으로 약물 치료가 불가능한 환자",,,https://www.amc.seoul.kr/asan/healthinfo/disease/diseaseDetail.do?contentId=30519,
패혈증,Sepsis,['패혈증후군'],"빈맥, 빈호흡, 심부전, 오한, 열, 의식 저하, 소변량 감소, 저혈압",패혈증은 미생물 감염에 대한 전신적인 반응으로 주요 장기에 장애를 유발하는 질환입니다. 패혈증에 저혈압이 동반된 경우를 패혈성 쇼크라고 합니다.,"패혈증의 증상으로는 오한을 동반한 고열, 저체온과 동반되는 관절통, 두통, 권태감 등이 있습니다. 맥박은 빠르고 미약하며, 호흡은 빨라집니다. 패혈증이 중증이면 의식이 흐려집니다. 증상이 더 심해지면 저혈압에 빠지고 소변량이 줄면서 쇼크 상태에 이릅니다.
 ","패혈증은 뇌수막염, 피부 화농증, 욕창, 폐 질환, 담낭염, 신우염, 골수염, 감염된 자궁 등 다양한 장기 감염에서 유발됩니다. 패혈증을 일으키는 병원균은 연쇄상구균, 포도상구균, 대장균, 폐렴균, 녹농균, 진균, 클렙시엘라 변형 녹농균 등이 있습니다.","패혈증의 증상이 나타나면 혈액, 소변, 뇌척수액 배양 검사를 시행합니다. 그 외 감염이 의심되는 부위가 있으면 별도로 추가적인 검사를 시행하여 진단합니다. 배양 검사 결과를 확인하는 데는 며칠이 걸리므로, 그 전에 빠른 진단을 위한 보조 검사로서 백혈구 수의 증감 혹은 급성 염증성 물질(ESR, CRP, procalcitonin 등)의 증가 상태를 살펴야 합니다. ","임상적으로 패혈증을 유발했다고 의심되는 균의 배양 검사를 시행하는 즉시, 주사용 항생제나 항진균제로 치료를 시작합니다. 항생제의 치료 기간은 균의 종류, 뇌막염의 합병 유무에 따라서 결정됩니다. 보통 1~3주 정도 치료해야 합니다. 내성균이 자라면 격리 치료를 해야 할 수 있습니다.
  환자의 혈압이나 호흡이 불안정한 경우 집중 치료를 위해 중환자실에서 치료해야 합니다. 각 장기의 손상에 따라 적절하게 치료합니다. 신장이 손상된 경우에는 혈액 투석을 시행합니다. 폐 기능이 손상된 경우 인공호흡기 치료를 시행합니다. 환자의 혈압과 순환 상태를 고려하여 수액 요법 및 약물 치료를 시행합니다. 경우에 따라 수혈이 필요할 수도 있습니다.","패혈증은 초기에 항생제를 적절하게 투여하고 보존적으로 처치하면 완치되는 경우가 많습니다. 그러나 뇌막염이 합병된 경우 신경학적 후유증이 나타날 수 있습니다. 화농성 관절염이 합병된 경우, 관절이나 뼈에 성장 장애가 생길 수 있습니다. ",,https://www.amc.seoul.kr/asan/healthinfo/disease/diseaseDetail.do?contentId=32319,
