질환명,영문명,증상 키워드,정의,증상,원인,관련신체기관,진단,검사,치료,경과/합병증,생활가이드,URL,예방방법
과민성 대장 증후군,irritable bowel syndrome,"두통 ,  복통 ,  위경련 ,  배 속 가스 ,  변비 ,  설사","과민성 대장 증후군은 대장 내시경이나 엑스선검사로 확인되는 특정 질환은 없지만 식사나 가벼운 스트레스 후 복통, 복부 팽만감과 같은 불쾌한 소화기 증상이 반복되며, 설사 혹은 변비 등의 배변장애 증상을 가져오는 만성적인 질환이다.","전형적인 증상으로는 복통과 배변 습관의 변화를 들 수 있는데 복통이 심하더라도 배변 후에는 호전되는 특징을 보인다. 점액질 변, 복부팽만이나 잦은 트림, 방귀, 전신 피로, 두통, 불면, 어깨 결림 등의 증상도 나타나지만, 이러한 증상이 수개월 또는 수년간 계속되더라도 몸 상태에 별다른 영향을 미치지 않는 것이 과민성 대장 증후군의 특징이다.","명확한 원인은 아직 밝혀진 것이 없으며, 내장 감각의 과민성 증가, 위장관 운동성의 변화, 위장관 팽창도 감소 등이 관찰된다. 정신적 스트레스는 과민성 대장 증상을 유발하는 원인으로 알려져 있으며 전체 인구의 약 7~15% 정도가 과민성 대장 증후군으로 의심되는 증상을 가지고 있다.",대장,"과민성 대장 증후군은 생화학적, 구조적 이상으로 설명할 수 없으므로 어떤 한 가지 특수 검사로 진단 할 수 없다. 대변검사, 대장 내시경, 혈액검사 등의 여러 가지 기본적인 검사를 통해서 원인이 되는 기질적 질환이 없다는 것을 확인하는 과정이 필요하다. 원인 질환이 마땅히 없음에도 불구하고 불쾌한 소화기 증상(식사나 가벼운 스트레스 후 복통, 복부 팽만감 등)이 반복되어 만성적으로 나타나거나, 설사나 변비와 같은 배변장애 및 배변 후에도 잔변감으로 인한 불편감 등의 증상을 보인다면 과민성 대장 증후군을 의심해 볼 수 있다. 특히 체중감소, 혈변, 빈혈 등의 경고 증상이 동반되거나 50세 이상에서 증상이 처음 생긴 경우 대장 내시경검사, 복부 CT 검사, 소장검사 등이 필요할 수 있다.","이학적 검사, 혈액검사, 대변 기생충 검사, X-선 촬영, 내시경검사, 바륨 관장","치료는 과민성 대장 증후군의 원인이 되는 심리적 불안과 갈등을 제거하는 것이 가장 중요하다. 무엇보다 환자가 본인의 병을 잘 이해하고 대장에 심한 자극을 줄 수 있는 음식을 피하는 것이 중요하다. 또한 과식을 피하고, 규칙적인 식사와 편안한 마음가짐을 갖도록 해야 한다. 스트레스를 해소하기 위해 적당한 운동과 휴식을 취하는 것도 도움이 된다. 약물치료는 장의 예민도를 떨어뜨리는 진경제, 변비에 효과적인 부피형성 완하제(수분을 흡수해 대변의 부피를 늘리고 부드럽게 만들어주는 약) 등의 약제를 사용하며, 약간의 신경안정제를 보조적으로 사용하기도 한다.",이 질환은 암이나 환자의 인격 이상과도 무관하며 감별을 요하는 다른 질환(궤양성 대장염이나 크론병 등)과는 전혀 관련이 없다. 생명을 위협하는 질환은 아니지만 이로 인해 고통을 받는 환자의 경우 일상생활에서 불편을 겪을 수 있고 의욕상실을 초래하여 사회생활에 지장을 주기도 한다.,"과민성 대장 증후군 환자는 스트레스를 줄이는 것이 급선무이다. 먼저 자신의 주요 스트레스 요인을 파악하고 이를 줄일 수 있도록 생활 패턴을 바꾸고, 적절한 휴식과 운동을 하는 것이 중요하다. 특히 걷기는 장운동을 활성화시키는 데 매우 효과적이므로 산책이나 조깅 등이 좋은 치료법이 될 수 있다.",http://www.snuh.org/health/nMedInfo/nView.do?category=DIS&medid=AA000296,
당뇨병,diabetes mellitus,"무감각증 ,  소양감 ,  변비 ,  저혈압 ,  거품뇨 ,  단백뇨","당뇨병은 인슐린의 분비량이 부족하거나 정상적인 기능이 이루어지지 않는 등의 대사질환의 일종으로, 혈중 포도당의 농도가 높아지는 고혈당을 특징으로 하며, 고혈당으로 인하여 여러 증상 및 징후를 일으키고 소변에서 포도당을 배출하게 된다.","약한 고혈당에서는 대부분의 환자들이 증상을 느끼지 못하거나 모호해서 당뇨병이라고 생각하기 어렵다. 혈당이 많이 올라가면 갈증이 나서 물을 많이 마시게 되고, 소변량이 늘어 화장실을 자주 가게 된다. 또한 체중이 빠지게 된다. 오랜 기간 고혈당 상태가 유지되면 신체에서 여러 합병증이 발생하는데, 대표적인 것이 망막병증(실명할 수 있음), 신기능장애(신기능 저하로 심할 경우 투석이 필요함), 신경병증(저림, 통증)이고, 심혈관계 질환의 위험이 높아지게 된다.","당뇨병은 제1형과 제2형으로 구분되는데, 제1형 당뇨병은 이전에 '소아 당뇨병'이라고 불렸었으며, 인슐린을 전혀 생산하지 못하는 것이 원인이 되어 발생하는 질환이다. 인슐린이 상대적으로 부족한 제2형 당뇨병은 인슐린 저항성(insulin resistance; 혈당을 낮추는 인슐린 기능이 떨어져 세포가 포도당을 효과적으로 연소하지 못하는 것)을 특징으로 한다. 제2형 당뇨는 식생활의 서구화에 따른 고열량, 고지방, 고단백의 식단, 운동 부족, 스트레스 등 환경적인 요인이 크게 작용하는 것으로 보이지만, 이 외에 특정 유전자의 결함에 의해서도 당뇨병이 생길 수 있으며, 췌장 수술, 감염, 약제에 의해서도 생길 수 있다.",췌장,"혈액검사로 진단한다. 증상이 없는 경우 8시간 이상 금식 후에 측정한 혈당이 126mg/dL 이상이거나, 경구 당부하 검사 2시간 후 혈당이 200mg/dL 이상인 경우를 당뇨병이라 한다. 물을 많이 마시거나 소변이 많아지고 체중이 감소하는 동시에 식사와 무관하게 측정한 혈당이 200mg/dL이상일 때도 당뇨병으로 진단한다.","공복 혈당검사는 적어도 8시간 동안 금식한 후 행해져야 한다. 경구 당부하 검사는 75g의 포도당 용액을 마신 후 2시간 후에 채혈하여 포도당을 측정하며, 금식 상태에서 포도당 용액을 복용하게 된다.","제1형 당뇨병의 경우에는 인슐린 치료가 필요하다. 제2형 당뇨병의 경우에는 생활 습관 교정을 기본으로 하며 추가로 약물 투여가 필요할 수 있다. 먹는 약의 경우 하루 1~3회 복용하며 약의 작용 시간에 따라 먹는 시간이라든지 부작용 등이 조금씩 다르다.

먹는 혈당강하제는 크게 인슐린 분비 촉진제와 인슐린 감수성 개선제로 나뉜다. 인슐린 분비 촉진제는 설폰요소제(sulfonylurea)와 메글리티나이드(meglitinide)계가 있다. 설폰요소제는 흔히 처방되는 약으로, 저혈당 상태를 유발할 수 있다는 것을 제외하고는 큰 부작용이 없는 편이며, 아마릴(성분: 글리메프라이드 glimepiride), 디아미크롱(성분명: 글리클라자이드 gliclazide), 다오닐(성분명: 글리벤클라마이드 glibenclamide) 등이 이에 속한다.

인슐린 분비 촉진제의 일종인 메글리티나이드계는 약효가 매우 빠른 제제로 식전에 복용하며, 노보넘(성분명: 레파글리나이드 repaglinide), 파스틱(성분명: 나테글리나이드 nateglinide), 글루패스트(성분명: 미티글리나이드 mitiglinide) 등이 있다. 인슐린 감수성 개선제는 단독으로 복용 시 저혈당이 거의 없는 것이 특징이며, 바이구아나이드(biguanide) 계열 약물인 메트포르민(metformin)과, 치아졸리딘다이온(thiazolidinedione) 계열의 아반디아(성분명: 로지글리타존 rosiglitazone), 액토스(성분명: 피오글리타존 pioglitazone) 등이 있다. 그 외에 소장에서 탄수화물 흡수를 지연시키는 글루코바이(성분명: 아카보즈 acarbose), 베이슨(성분명: 보글리보스 voglibose) 등이 있다.

최근 신약으로는 혈당을 낮추는 역할을 하는 호르몬인 GLP-1(glucagon-like peptide-1; 글루카곤 유사 펩티드-1)의 작용을 이용하여 개발된 GLP-1 작용제(agonist)가 있으며, 익스에나티드(exenatide)와 리라글루티드(liraglutide)가 여기에 해당된다. 또한 GLP-1을 신속하게 불활성화시키는 효소인 DPP-4(dipeptidyl peptidase-4; 디펩티딜 펩티데이즈-4)의 작용을 억제하는 DPP-4 억제제(inhibitor)도 최근 개발된 신약이며, 자누비아(성분명: 시타글립틴 sitagliptin), 가브스(성분명: 빌다글립틴 vildagliptin), 삭사글립틴(saxagliptin) 등이 있다.

인슐린은 현재 주사약으로 나와있으며 피하주사로 투여하는 것을 원칙으로 하고 있고, 작용 시간에 따라 투여 방법이 다르다. 먹는 약에 비해서 혈당강하 효과가 더 빠르게 나타나고, 먹는 약을 쓸 수 없는 환경에서도 안전하게 쓸 수 있으며 용량의 제한도 없지만, 주사침에 대한 거부감, 투여 방법의 어려움 등이 단점으로 꼽힌다.

인슐린에 대한 내용도 초속효성, 속효성, 중간형, 지속형등이 있는데, 자세한 설명은 아래와 같다.
초속효성(rapid-acting) 인슐린은 투여 후 15분 이내에 대부분 효과를 나타내기 시작하여 약효는 보통 3~4시간 지속된다. 따라서 식사 직후나 직전에 투여하며, 식후 혈당을 조절하는 데 용이하다. 인슐린 리스프로(lispro), 인슐린 아스파르트(aspart), 인슐린 글루리신(glulisine) 등이 이에 속한다.

속효성 인슐린은 초속효성 인슐린이 나오기 전까지 식후 혈당을 조절하기 위해 사용하던 인슐린으로 레귤러 인슐린(regular insulin)이 이에 속한다. 보통 투여 후 30분에서 1시간 후에 효과를 나타내며, 약효는 보통 2~4시간 지속된다.

중간형 인슐린(NPH insulin)은 투여 후 1~3시간 후에 효과를 나타내며, 약효는 보통 12~16시간 지속되고 투여 6~8시간에 최고 효과를 나타낸다. 인슐린이 특징적으로 뿌옇다.
지속형(long-acting) 인슐린에는 인슐린 글라진(glargine)과 인슐린 디터머(detemir) 등이 있으며, 중간형 인슐린보다 작용 시간이 더욱 길다.","갑자기 몸 안에서 인슐린이 부족하게 되면 급성 합병증이 생길 수 있다. 급성 합병증은 당뇨병성 케톤산증(diabetic ketoacidosis)과 고혈당성 고삼투압 증후군(hyperglycemic hyperosmolar syndrome)으로 즉각적인 치료가 필요하며, 적절히 치료하지 않을 경우 치명적이다. 심한 경우 의식을 잃을 수 있고 사망에 이를 수도 있다.
만성 합병증으로는 미세혈관질환 합병증으로 망막병증, 신장병증, 신경병증 등이 있고, 대혈관질환 합병증으로는 관상동맥질환, 말초동맥질환, 뇌혈관질환 등이 있다.","자신이 느끼는 증상만으로 혈당을 조절하는 것은 위험하며, 반드시 자가 혈당 측정기를 통해서 상태를 정확히 파악해야 한다. 체중이 많이 나간다면 체중을 줄이는 것이 필요하고, 적절한 운동 역시 반드시 필요하다.",http://www.snuh.org/health/nMedInfo/nView.do?category=DIS&medid=AA000260,생활습관 교정을 통해서 체중을 5~7% 줄이게 되면 일부는 제2형 당뇨병의 발병을 늦추거나 예방할 수 있다. 100% 예방하는 것은 아니지만 가장 믿을 만하고 부작용이 없는 방법이므로 적극 권장된다.
심부전,heart failure,"기침 ,  피로 ,  호흡장애 ,  부종",심부전이란 심장의 구조적 또는 기능적 이상으로 인해 심장이 혈액을 받아들이는 충만 기능(이완 기능)이나 짜내는 펌프 기능(수축 기능)이 감소하여 신체 조직에 필요한 혈액을 제대로 공급하지 못해 발생하는 질환군을 말한다.,"가장 흔하고 중요한 증상은 숨이 차는 것(호흡곤란)이다. 계단을 오르기만 해도 과도하게 숨이 차고 이것이 지속된다면 한번쯤 심부전을 의심해 보아야 한다. 물론 이것은 다른 질병(빈혈, 폐나 늑막 질환, 신부전 등)이 원인일 수도 있다.

호흡곤란은 주로 심장에 혈액이 정체(울혈)되면서 심실의 충만 압력이 높아지고 이로 인해 심장으로 들어오는 폐 혈관에 혈액이 정체되어 생기고 이로 인해 기침이 발생할 수 있다. 호흡곤란은 정도에 따라 운동 시 호흡곤란, 누웠을 때 호흡곤란, 발작성 야간 호흡곤란 등으로 진행한다.

심장에서 혈액을 제대로 짜내지 못하므로 피로감과 운동 능력 저하가 나타나게 된다. 우측 심장의 기능이 떨어지면 심장으로 들어오는 혈액이 정체되면서 부종, 간 비대, 복수가 나타날 수 있고 심할 경우 소변량 감소 및 체중 증가로 이어질 수 있다.

부종은 주로 낮은 부위(예: 발목이나 종아리 등)에 나타나며 심할 경우 전신 부종이 될 수 있다. 또한 심장이 커지면서 여러 부정맥이 나타날 수 있다. 장기간의 심부전에서는 여러 원인에 의해 식욕 부진 및 이로 인한 악액질(cachexia, 만성적 영양불량 상태)이 나타날 수 있고, 노령의 심부전에서는 혼돈, 불안, 우울증 등이 나타나기도 한다.","매우 다양한 원인에 의해 심부전이 초래할 수 있는데, 심장 혈관(관상동맥) 질환(예, 심근경색 등)이 2/3 정도로 가장 흔한 원인이고, 심장 근육(심근) 질환(예, 원인 미상이거나 유전적 원인인 심근병증, 바이러스 감염 등의 심근염 등), 고혈압, 판막 질환 등이 주요 원인이다. 그 밖에도 장기간의 빠른 맥박(빈맥), 지속적인 과도한 음주, 극심한 스트레스 등도 원인을 제거하면 좋아지는 가역적인 심부전의 원인이 될 수 있고, 드물지만 출산 전후에 원인 미상의 심부전이 발생하는 산후(또는 임신성) 심근(병)증도 있다. 항암제 중 일부도 누적되는 사용 용량에 비례하여 심부전을 발생시키는 경우가 있다.",심장,"호흡곤란, 피로감 등과 같은 심부전의 주관적 증상과 진찰 및 청진 시 이상 징후, 그리고 혈액검사, 흉부 X선 촬영, 심전도 등의 일반적 검사 및 심장 초음파로 심장 기능 이상이 증명되면 심부전을 진단할 수 있다.","1) 혈액 검사
심부전이 의심되는 환자는 기본적으로 빈혈 검사, 전해질 검사, 신장 및 간 기능 검사, 갑상선 기능 검사, 당뇨 검사 등이 필요하다. 심부전 환자의 약 20% 정도가 빈혈을 동반하며, 이는 심부전의 예후에 중요한 영향을 미친다고 알려져 있다. 호흡곤란이나 부종은 만성 신부전이나 간경변증에 의해서도 초래될 수 있기 때문에 전해질, 신장 기능 및 간 기능 검사 역시 필요하며 이는 심부전 환자의 치료 경과를 모니터링 하는 데도 반드시 필요하기 때문에 주기적으로 측정하게 된다.
처음 발생한 심부전의 경우 갑상선 기능 항진증으로 인해 생긴 부정맥이 심부전을 초래할 가능성이 있기 때문에 갑상선 혈액 검사가 필요하다. 최근 알려진 BNP라는 비교적 고가의 검사는 혈액 검사만으로 급성 호흡곤란 환자의 심부전을 (전부는 아니지만) 진단하고 경과 추적에도 도움이 되는 검사로서, 3차 병원급에서는 응급실이나 외래에서 심부전 또는 심부전 의심 환자에게 비교적 흔히 시행하고 있다.

2) 심전도
심전도는 심부전의 원인이 될 수 있는 과거 심근 경색 여부, 고혈압으로 인한 심장 비대 여부, 부정맥 여부 등을 알 수 있는 기본적 검사이고, 경과 도중 부정맥의 발생을 보기 위한 목적으로 주기적으로 검사하기도 한다. 운동 능력 평가 및 협심증 여부를 진단하기 위해 운동 부하 심전도 검사를 하는 경우도 있다.

3) 흉부 X선 촬영
흉부 X선 촬영에서 흔히 ‘심장이 부었다’로 표현되는 심장 비대 소견이 있으면 심부전을 의심해 볼 수 있고 흉막 삼출(늑막에 물이 차는 것)도 심부전의 징후일 수 있다. 그렇지만 심장 크기가 정상으로 보이는 심부전도 있으므로 X선 소견이 정상이라고 해서 심부전이 아니라고 할 수는 없고, 또한 X선 촬영에서 심장이 커 보인다고 해서 실제로 모두 커져 있는 것도 아니다. 심전도와 마찬가지로 심부전 환자의 초기 검사뿐 아니라 경과를 모니터링 하는 기본적 검사로도 사용된다.

4) 심장 초음파
심부전을 진단하고 그 원인을 파악하는데 있어 가장 핵심적인 검사로서, 심장의 구조적 이상 및 기능을 평가하고 경과를 파악할 수 있다. 환자 입장에서 특별한 준비가 필요하지 않고 비교적 간편하게 시행할 수 있으며 초음파를 이용하므로 인체에도 전혀 해가 없는 검사이다.

5) 핵의학적 검사
방사선 동위원소를 주사하여 검사하는 방법으로 SPECT와 PET이 있다. SPECT는 일반적으로 협심증 진단을 위해 시행하는 검사인데, 심장 초음파에서 제공하는 모든 정보를 얻을 수는 없지만 심장의 부분적 이상 여부와 심장의 수축기 기능은 알 수가 있다. PET는 현재는 주로 심근 경색 후의 심부전에서 생존 심근을 평가하기 위해 시행하는 경우가 있다.

6) MRI
최근에는 MRI를 이용한 심장 기능 평가 방법이 도입되었으나 아직까지는 일반적으로 쓰이지 않고 있으며 주로 생존 심근(심장 근육)이나 심장의 섬유화를 평가하는 목적으로 사용되고 있다.

7) 혈관 조영술
심부전 자체를 진단하기 위한 목적으로 시행하지는 않고, 심부전의 원인이 불분명한 경우 이것이 관상동맥 질환에 의한 것인지를 구별하기 위한 목적 등 꼭 필요한 경우에만 제한적으로 시행한다.

8) 심장 조직 검사
목이나 다리의 정맥을 통해 우심실로 관을 넣어 시행하는 검사로서 아밀로이드증 등 심근에 대사물질이 축적되는 전신 질환이나 급성 심근염의 원인 감별을 위해 드물게 시행한다.","급성이냐 만성이냐에 따라 치료 방침은 다르다. 급성 심부전은 주로 1주일 이내 갑자기 발생하거나 악화된 심부전을 의미하는데, 대개 응급실을 방문하는 경우가 많고, 주로 심부전의 원인 또는 악화 요인을 찾아서 제거하고 증상을 호전시키는 것이 치료의 목표가 된다. 만성 심부전에서는 심부전에 대한 신체의 보상 작용으로 과도하게 교감신경 및 호르몬계가 활성화되는데, 이는 병이 진행하는 중요한 원인이 되므로 이를 차단하여 심장 기능의 점진적인 기능 저하를 막는 것이 치료의 목표가 된다.

1) 급성 심부전의 치료
급성 심부전이 의심되는 환자가 응급실에 도착하면 진단 과정과 동시에 심부전의 원인과 악화 요인을 감별해야 한다. 중환자실에서 집중 모니터링을 시행할지, 아니면 일반 병실로 입원하여 치료할지 여부는 환자의 상태에 따라 달라진다. 중환자실에서 환자의 혈역학적 상태를 모니터링 할 때는 스완-간쯔 도관(Swan-Ganz catheter)을 목이나 흉부의 정맥을 통해 우측 심장을 지나 폐동맥까지 삽입하는 비교적 침습적인 시술을 종종 시행하기도 한다.

실제 임상에서는 환자의 진찰 소견만으로 어느 정도 환자의 상태를 평가할 수 있는 포레스터(Forrester) 분류를 이용하여 치료 방침을 결정하게 되는데, 이 때 조직으로 혈액 공급 저하를 나타내는 임상 지표는 저혈압, 의식저하, 차가운 팔다리, 맥압(혈압 위아래의 차이)의 감소, 신장 기능 저하 등이 있고, 혈액의 울혈을 시사하는 임상 지표는 누웠을 때 호흡곤란, 목의 정맥압 상승, 부종, 복수, 폐 잡음 등이 있다. 급성기의 치료에는 같은 약제라도 주로 정맥 제재가 사용되는 경우가 많다.

2) 내과적 치료
저염식, 금연, 금주, 규칙적 유산소 운동, 고혈압, 당뇨, 및 고지혈증의 치료는 모든 심부전 환자에게 시행되어야 하는 기본적 치료이다. 활동이 가능한 안정된 심부전 환자는 적당한 휴식과 함께 1주일에 3~4회 정도 운동하고, 운동은 걷기나 자전거 운동 등을 권하며, 역기를 드는 등장성 운동(isometric exercise)은 피하도록 한다. 심부전 증상이 있는 경우에는 운동을 제한하는 것이 좋다.

만성 심부전 환자의 수명을 연장시킬 수 있다고 알려진 약제는 신경-호르몬 계통의 활성화를 억제하는 안지오텐신 전환효소(ACE) 억제제나 안지오텐신2수용체 차단제(ARB) 약제, 베타 차단제, 그리고 알도스테론 길항제가 있고, 이들은 (특히 베타 차단제는) 환자의 상태에 따라 조심스럽게 투여되어야 한다. 수명 연장의 효과는 없지만 증상을 완화시킬 수 있는 약제로는 이뇨제, 질산염(nitrates) 및 하이드랄라진(hydralazine) 등의 혈관 확장제, 디곡신(digoxin), 도뷰타민(dobutamine)과 같은 강심제 등이 있다. 이뇨제는 급성 심부전이나 악화기의 심부전에서 혈액의 울혈로 인한 증상을 개선하는데 효과적이며, 가벼운 심부전에서도 염분의 제한과 같이 사용할 때 증상의 호전이 가능하다. 심부전에서 심방 세동이 있거나 수축 기능이 심각하게 저하되어 있을 때는 디곡신을 사용하여 맥박수 조절이나 수축 기능을 보조하는 효과를 얻기도 하며, 대개 혈전(피떡)으로 인한 뇌졸중을 예방하기 위해 와파린(warfarin)이라고 하는 항 응고제를 사용하게 된다.

도뷰타민(dobutamine), 도파민(dopamine), 밀리논(milrinone)과 같은 강심제는 주로 정맥으로 투여하는 약제로서 일반적으로 급성 및 악화된 심부전의 초기에 사용하다가 점차 줄여서 중단하게 된다.

심부전에는 부정맥이 흔히 동반되는데 생명에 위협이 될 만한 심각한 부정맥인 경우 이식형 제세동기(ICD, Implantable Cardioverter Defibrillator)가 수명을 연장시킬 수 있고, 그에 비해 효과가 확실히 입증되지는 않았지만 부정맥 치료제인 아미오다론(amiodarone)이나 소탈롤(sotalol)을 사용해 볼 수 있다.

최근, 심실이 수축할 때 부조화가 있는 심부전의 경우 인공 심장 박동기를 이용하여 심실의 수축이 조화롭게 일어나게 하도록 하여 심장 기능을 보조하는 심장 재동기화 치료(CRT, Cardiac Resynchronization Therapy))가 일부 중증 환자에게 시도되고 있다.

3) 수술적 치료
심부전의 수술적 치료는 대개 내과적 치료에 잘 반응하지 않는 중증 심부전에서 제한적으로 사용되는 방법으로, 관상동맥 질환에 동반된 심부전에서의 관상동맥 우회술, 늘어난 심장을 잘라내고 용적을 줄여주는 수술, 심부전으로 인해 승모판막이 심각하게 새는 폐쇄 부전증이 있을 때 이를 교정하는 수술 등이 있으며, 바이러스성 급성 심근염과 같이 일정 시간을 견디면 소생할 가능성이 있는 중증 불응성 심부전이나 심장 이식을 기다리는 말기 심부전에서는 아예 기능이 떨어진 심장을 우회하는 고가의 보조적 장치(VAD, Ventricular Assistance Device)를 부착하여 시간을 벌기도 한다.

심부전의 외과적 치료법 중 장기 예후를 호전시키는 가장 확실한 방법은 심장 이식으로서, 최선의 내과적 치료에도 불구하고 중증 심부전 환자의 연간 사망률이 30~50% 이상인데 비해, 면역 억제 치료의 발달 등으로 심장 이식 후 5년 생존율이 75% 이상임을 고려하면 이식 수술은 대상이 되는 말기 심부전 환자의 치료에 가장 우수한 치료법이라 할 수 있다. 그러나 제공자의 수가 필요한 경우보다 훨씬 적은 등의 문제로 널리 시행되는 데는 제한이 있다.","심부전의 이환율과 유병율은 계속 증가하고 있는데, 이는 인구가 노령화되고 의학적 지식이나 기술은 진보함에 따라 고혈압, 당뇨, 고지혈증 및 관상동맥 질환 환자가 과거보다 오래 살게 되는데 기인하는 것으로 생각된다.
심부전 자체의 치료에도 많은 발전이 있었으나 그 경과(예후)는 여전히 좋지 않아서 심부전 발생 후 평균 5년 생존율은 남자가 35%, 여자가 50% 정도로 낮다.
합병증으로는 여러 종류의 부정맥이 나타날 수 있으며 뇌졸중(중풍)이나 급사도 가능하다. 병이 중증도로 진행되면 주요 장기들의 기능이 함께 나빠지면서 주로 간 기능 부전, 심각한 전해질 이상(저나트륨혈증 등), 신장 기능 부전, 폐동맥 고혈압 등이 나타나게 된다. 기존의 치료 방법에 반응하지 않는 말기 불응성 심부전의 경우 현재까지 심장 이식 외에는 다른 대안이 없다. 심장 외 다른 장기의 기능 부전이 심각할 경우 심장과 함께 다른 장기(신장, 폐 등)를 함께 이식해야 하는 드문 경우도 있다.","규칙적 운동이 필요하지만 지나치게 격렬한 운동은 제한하는 것이 좋다. 술과 담배는 끊는 것이 좋고 철저히 처방약을 복용하면서 정기적으로 의사의 진료를 받아야 한다. 호흡곤란, 특히 누웠을 때 호흡곤란이나 기침이 있는 경우는 누울 때 머리 쪽 베개를 높이는 것이 도움이 되며, 상태가 안정되기 전까지는 불필요한 운동을 제한하고 충분한 휴식을 취하는 것이 좋다. 상태가 좋아지면 의사와 상의하여 조금씩 운동량을 늘려나가는 것이 바람직하다. 급성 호흡곤란이나 부정맥, 뇌졸중 등이 의심되는 상황이 발생하면 즉시 응급실을 방문하는 것이 필요하다.",http://www.snuh.org/health/nMedInfo/nView.do?category=DIS&medid=AA000337,"과도한 음주, 과도한 스트레스, 지속적인 빠른 맥박수는 이 자체가 심부전을 초래할 수 있으므로 평소 이를 피하는 생활 습관을 갖는 것이 좋겠고, 기존에 협심증, 고혈압, 당뇨 등이 있는 환자는 정기적으로 의사의 진료를 받는 것이 필요하다. 이미 심부전으로 진단받은 환자는 의사의 지시를 잘 따르면서 심부전이 악화될 수 있는 여러 요인들(부정맥, 진통소염제 과다 사용, 과음, 스트레스, 감염 및 발열, 빈혈, 임신 등)을 피하거나 조절하는 것이 필요하다."
천식,asthma,"호흡장애 ,  만성 기침 ,  기침","천식이란 폐 속에 있는 기관지가 아주 예민해진 상태로, 때때로 기관지가 좁아져서 숨이 차고 가랑가랑하는 숨소리가 들리면서 기침을 심하게 하는 증상을 나타내는 병을 말하는데, 기관지의 알레르기 염증 반응 때문에 발생하는 알레르기 질환이다. 이런 증상들은 반복적으로, 발작적으로 나타나며 유전적 요인과 환경적 요인이 합쳐져서 나타난다. 공기가 흐르는 길인 기관지의 염증으로 기관지 점막이 부어 오르고 기관지 근육이 경련을 일으키면서 기관지가 막혀서 숨이 차게 된다.","기관지 천식의 대표적인 증상은 호흡곤란, 기침, 천명(쌕쌕거리는 거친 숨소리)이다. 이러한 증상이 반복적으로, 발작적으로 나타나지만 실제로 천식 환자는 전형적인 천식의 증상 외에 비전형적인 증상을 호소하는 경우도 많다. 즉, 호흡곤란이나 쌕쌕거리는 숨소리 등의 증상은 없고 단지 마른 기침만 반복적으로 나타나는 경우, 가슴이 답답하거나 흉부 압박감을 호소하는 경우 또는 목구멍에 가래가 걸려있는 것 같은 증상만을 호소하는 경우도 있다. 일반적으로 감기에 걸린 후에 호흡곤란이 악화하거나, 달리기 같은 운동 후에 호흡곤란, 거친 숨소리 증상들이 많이 나타난다.

때로는 심한 천식 발작으로 즉각적인 응급치료 및 입원 치료가 절대적으로 필요한 경우가 있는데, 이때 환자는 곧 죽을 것 같은 공포를 느끼며, 실제로 심한 천식 발작은 생명을 위협하기도 한다. 하지만 천식 약물을 적절하게 사용하고 환경 관리를 잘 한다면 정상 건강인처럼 살아갈 수 있다.","천식은 유전적 요인과 환경적 요인이 합쳐져서 생기는 대표적인 알레르기 질환이다.
즉, 부모로부터 물려받은 알레르기 체질과 주위의 천식유발 인자들이 상호 작용을 일으켜 면역체계에 혼란이 생기면서 천식이 발생하게 된다. 알레르기란 정상에서 벗어난 과민반응을 의미하는 것으로, 정상인에게는 증상이 유발되지 않지만 알레르기 환자에게는 과민반응으로 여러 증상이 나타나게 되는 것을 말한다.

천식을 유발하는 요인으로는 원인 물질과 악화 요인이 있다. 원인 물질을 알레르겐(allergen)이라고 하는데, 대표적인 알레르겐은 집먼지 진드기, 꽃가루, 동물 털이나 비듬, 바퀴벌레, 식품, 약물 등이다. 대표적인 악화 요인은 감기, 담배연기와 실내오염, 대기오염, 식품첨가제, 운동 등 신체적 활동, 기후 변화, 황사, 스트레스 등이 있다.

유전적 요인 못지않게 성장하면서 접하게 되는 환경적 요인도 중요하므로 알레르기 병력을 가진 부모들은 자녀에게 천식이 생기지 않도록 환경 관리에도 노력하여야 한다.",기관지,"천식은 특징적인 증상과 진찰 소견 및 여러 가지 검사로 진단된다.
기관지 천식의 자가 진단법은 다음과 같다.
- 찬 공기, 흐린 날, 담배연기, 매연, 최루탄, 연탄가스, 음식 냄새, 페인트칠 냄새 등에 노출되면 가슴이 답답하거나 숨이 차고 가랑가랑하는 숨소리가 들리거나 기침이 발작적으로 나곤 한다.
- 밤에 가슴이 답답하거나 숨이 차고 거친 숨소리가 들리거나, 기침이 발작적으로 나서 잠을 깬 적이 있다.
- 감기에 걸리면 숨이 차고 가랑가랑하는 숨소리가 들리거나, 기침이 한 달 이상 오래 지속된다.
- 운동 중에 혹은 운동 직후에 숨이 차고 가랑가랑한다.
- 직장에서 근무할 때에는 숨이 차고 가랑가랑하지만 휴가 때에는 괜찮다.
- 매년 봄이나 가을의 일정 기간에만 기침이 한 달 이상 지속되거나 숨이 차다.
- 시험 때나 정신적인 스트레스가 심할 때 숨이 차거나 가랑가랑한다.
- 가족 중에 천식이나 알레르기 비염 환자가 있고, 간혹 가슴이 답답하고 숨이 차다.
위의 항목 중 한 가지라도 해당하는 사항이 있으면 알레르기 천식 전문의와 상의해야 한다.

천식의 진단에 있어서 무엇보다 중요한 것은 의사의 꼼꼼한 관찰과 진찰이다. 경험이 있는 알레르기 천식 전문의와의 상담이 어떤 검사보다도 중요하다. 따라서 의사와 상담할 때는 병력에 대한 자세한 정보를 제공해야 한다. 의사와의 상담 후에 검사를 통해 천식을 확인하고 원인 물질을 찾을 수 있다.","천식을 진단하기 위한 검사로는 폐기능 검사와 천식유발 검사, 객담 검사 등이 있다. 기관지 천식은 정상인에 비해 기관지가 예민하여 자극을 받으면 기관지가 좁아지므로 폐기능 검사를 통해 기관지가 얼마나 좁아져 있는가를 확인하고, 기관지 확장제를 흡입하여 좁아진 기관지가 충분히 넓어지는가를 확인하여 진단한다. 천식유발 검사는 천식의 진단이 불확실할 때 기관지 수축제를 흡입하여 기도의 과민성을 증명하여 천식을 진단하게 된다.

객담검사는 객담(가래)에 있는 알레르기 염증세포를 직접 관찰하는 검사로 천식을 진단하는데 도움이 될 뿐만 아니라 기도의 알레르기 염증 정도를 측정하여 치료 방향을 결정할 때 많은 도움이 된다.

천식의 원인을 찾기 위한 검사로는 알레르기 피부 단자검사, 알레르기 특이항체검사, 알레르겐 천식유발 검사 등이 있다","기관지 천식은 만성적이고 재발이 많은 질환이다. 따라서 증상을 잘 조절하고 폐기능을 정상화하여 일상 생활을 정상적으로 유지하도록 하고, 치료 방법에 의한 부작용을 최소화하는 것이 치료 목표이며, 이를 위해서는 의사와 환자 간에 적극적인 이해와 협조가 필요하다.

기관지 천식의 치료로는 먼저 증상이 있으면 신속하게 증상을 회복시키고 재발을 방지하기 위해서 질병을 조절하는 약제를 장기간 사용하는 약물요법과, 천식의 원인 물질을 찾아 원인 알레르겐 노출을 최소화하고 악화인자로부터 회피하는 회피요법이 있다. 또한 원인 물질을 소량씩 주사하여 알레르기 체질을 개선하는 면역요법 등의 치료방법들이 있다. 약물치료에 사용하는 약물의 종류, 투여 방법, 그리고 투여 기간 등은 천식의 증상, 천식의 심한 정도, 환자의 나이 및 전신 상태 등에 따라 결정하게 된다.

1. 약물요법
천식 치료 약물은 좁아진 기관지를 짧은 시간 내에 완화시키는 증상 완화제와 기관지의 알레르기 염증을 억제하여 천식발작을 예방하는 질병 조절제로 구분한다. 천식의 약물치료에서는 우선적으로 흡입제를 사용하게 되는데, 그 이유는 흡입제를 사용하면 다른 투여 방법보다 적은 양으로도 충분한 치료 효과를 얻을 수 있으며 약물의 효과가 빠르고 부작용이 적기 때문이다.

1) 증상 완화제(기관지 확장제)
대표적인 증상 완화제로 베타2 항진제(작용제), 테오필린(theophylline)으로 대표되는 잔틴(xanthine)계 약물, 부교감신경 차단제(anticholinergics; 항콜린제) 등이 널리 사용되고 있다.
- 베타2 항진제(beta2 agonist): 기관지 근육의 경련을 완화시켜 기관지 확장 효과를 나타내는 약물로 흡입용, 경구용, 주사용이 있다. 흡입제는 기관지에 직접 작용하기 때문에 효과가 빠르며, 적은 양으로도 강한 효과가 있고 부작용이 적어 널리 사용되고 있다. 또한 약물의 작용시간이 길어 야간 천식과 운동유발성 천식의 예방에 사용된다. 하지만 근본적인 염증을 없애지 못하기 때문에 항염증제를 규칙적으로 사용해야 한다.
- 잔틴계 약물: 기관지 확장과 함께 항알레르기(항염증) 효과도 있어 천식 조절에 도움이 된다. 흡입제는 없고 경구용이나 주사용이 있다.
- 항콜린계 약물: 기관지를 좁아지게 하는 부교감신경의 효과를 막아 기관지를 넓혀주는 약물이다. 천식의 일차 치료제는 아니지만 나이가 많은 천식 환자에서 다른 약제와 같이 사용할 때 효과가 좋을 수 있다.

2) 질병 조절제(항염증제, 류코트리엔 조절제)
- 부신피질스테로이드: 대표적인 질병 조절제(항염증제)로 흡입용과 경구용이 있다. 경구용 스테로이드를 오랫동안 사용하는 경우 혈당 상승, 혈압 상승, 체중 증가, 기분 변화, 골다공증, 위궤양 등과 같은 심각한 부작용이 생길 수 있다. 하지만 흡입제를 사용하는 경우 전신 흡수가 거의 되지 않아 부작용이 거의 없다. 그러나 흡입제의 부작용으로 목이 쉬거나 입 안에 곰팡이가 생길 수 있으므로 흡입제 사용 후 반드시 입 안을 헹구어야 한다.
- 류코트리엔(leukotriene) 조절제: 천식 환자의 폐기능을 좋게 하며 증상 발작 횟수와 베타2 항진제의 사용 횟수를 줄일 수 있다.

2. 면역요법
알레르기 원인이 확실하지만 환경 관리만으로는 효과적인 치료가 어려운 경우에 시행할 수 있는 치료법으로, 집먼지 진드기나 꽃가루와 같은 특정 알레르겐이 원인일 경우에만 효과가 있다. 통상적으로 면역요법은 1년 이상 지속해야 효과가 나타나며 보통 3년에서 5년간 지속하지만 더 오랜 기간 동안 치료해야 하는 경우도 많다.",천식은 만성적인 질환이므로 꾸준한 치료와 자기 관리가 필요하다. 알레르기 염증을 정확히 치료하면 기관지가 대부분 정상으로 회복된다. 하지만 지속적인 치료와 관리를 하지 않는 경우 좁아진 기관지는 원래대로 넓어지지 않고 좁아진 상태로 굳어지게 되므로 지속적인 치료와 꾸준한 자기 관리가 필요하다.,"천식 환자는 평상 시 증상 조절이 잘 되어 있더라도 여러 가지 자극에 의해서 갑자기 숨이 찰 수 있으며, 심한 경우에는 호흡마비로 응급실로 이송하는 도중에 생명이 위독한 경우도 있다. 따라서 숨이 차서 밤에 잠을 잘 수 없거나 말하기 어려울 정도 혹은 증상 완화제인 기관지 확장제를 써도 효과가 없을 정도로 심한 천식발작의 증후가 있을 때는 신속한 치료가 필요하므로 바로 병원에 가야 한다.

천식 환자의 악화요인 관리와 환경 관리는 다음과 같다.
1. 악화요인 관리
1) 호흡기 감염의 예방
감기와 같은 바이러스성 호흡기 감염에 걸리지 않기 위해 개인 위생 즉, 사람이 많은 곳은 피하고 손을 자주 씻고 안정을 취하고 몸을 보온하는 것이 무엇보다 중요하다. 또한 천식 환자는 인플루엔자 예방 접종을 하는 것이 좋다
2)온도변화
갑자기 찬 공기에 노출되면 천식 발작이 일어날 수 있고, 날씨가 흐리거나 저기압일 때 천식 환자들은 가슴이 답답해짐을 느낄 수 있으므로 특히 겨울철 외출 시 마스크와 스카프를 착용하고 여름이나 겨울철에 실내외의 온도가 많이 차이 나지 않도록 적정 실내 온도를 유지해야 한다.
3) 담배연기, 화학물질, 강한 냄새
담배연기는 강한 자극효과로 기관지 수축을 일으키며, 옆에서 피우는 담배연기를 맡게 되더라도 이런 증세가 유발되므로 환자 본인과 보호자들의 금연은 반드시 지켜져야 한다. 이 외에도 집 안에서 사용하는 자극적인 각종 스프레이, 페인트, 니스, 아세톤, 향수 등에 의해서도 천식 발작이 일어날 수 있으므로 주의해야 한다.
4) 실내 오염 방지
난방 및 취사 시 배출되는 연소 물질과 가구 광택제나 방향제, 살충제용 스프레이 제제 등의 사용도 환자가 있을 때는 사용해서는 안 된다.
5) 대기오염
대기오염 물질의 하나인 아황산가스는 자동차 연료 및 화력발전소에서 대량으로 발생되어 기관지 수축을 일으킨다. 특히 우리나라에서는 3~4월에 중국에서 넘어오는 황사 현상에 의해서도 천식이 악화될 수 있으므로 주의를 요한다. 대기오염이나 황사가 심한 경우에는 실외에서 하는 과도한 운동을 피하고 가급적 외출을 하지 않는다.
6) 신체적 활동, 운동
적절한 운동은 심폐기능과 근육을 강화시키지만 천식 환자들의 상당수는 운동, 특히 찬 공기를 마시며 달리는 경우에 기관지 수축이 와서 심한 호흡곤란을 느끼게 된다. 운동 전에 적절한 약제를 사용하고 준비운동을 하면 예방할 수 있다.
7) 약물
소아 천식에서는 매우 드물지만, 5~10%의 성인 기관지 천식 환자는 아스피린이나 이와 유사한 소염진통제를 먹으면 천식 발작이 일어날 수 있다. 해열진통 효과를 목적으로 할 경우는 아스피린 대신에 아세트아미노펜(타이레놀)을 비교적 안전하게 사용할 수 있다.
8) 식품첨가물
아황산염들은 음식이 상하고 색깔이 변하는 것을 막기 위해 보존제, 산화방지제로 널리 사용되고 있으며 약제에도 이용되는데 정상인에는 해가 없는 것으로 밝혀져 있다. 그러나 일부 천식 환자는 식품첨가물에 대한 과민반응으로 천식 증상이 악화될 수 있다. 아황산염은 말린 과일, 채소류, 과일 농축액, 포도주, 맥주, 과즙 등에 다량으로 들어있으며 특히 음식점에서 먹는 음식 중 아보카드 소스, 감자, 새우 등에 많이 들어있어 아황산염에 과민한 천식 환자는 이들을 피하는 것이 좋다. 그 밖의 식품 첨가물인 황색 색소 등에 의해서도 천식 발작이 올 수 있으므로 이들 첨가물을 피하는 것이 좋다.
9) 스트레스
심리적인 상태가 천식 증상 발작에 많은 영향을 미치고 있다. 실제 시험이나 집안 일로 신경을 몹시 쓴다든지, 야단을 맞거나 부모의 이혼 등 정신적인 스트레스가 있을 때 천식 증세가 악화되는 것을 종종 접하게 된다. 이는 심리적 긴장 시 부교감신경이 자극되어 기관지 수축이 심해지기 때문이다. 따라서 천식 환자들은 가능한 한 심적으로 여유로운 생활을 하는 것이 치료에 도움이 된다.

2. 환경관리
1) 실내 환경관리
천식을 일으키고 증상을 일으키는 실내 원인 물질 중에는 집먼지 진드기, 애완동물, 바퀴, 곰팡이 등이 있으며 실내 난방이나 음식을 만들 때 발생하는 가스 등도 문제가 된다. 따라서 주기적인 집안 청소와 적절한 환기는 필수적이며, 침구 관리를 비롯한 실내 주거환경 관리가 매우 중요하다.
① 집안청소
집안은 자주 청소를 하여 깨끗한 환경을 유지해야 한다. 청소는 먼지가 많이 날리지 않도록 물걸레나 진공 청소기를 이용하는 것이 좋다. 진공 청소기를 이용하는 경우에는 한번 흡입된 집먼지 진드기 등의 원인 물질이 다시 새어나오지 못하도록 특수한 필터가 장착된 것을 사용하는 것이 효과적이다. 바퀴벌레의 서식을 줄이기 위해 집안 구석구석 틈새를 잘 막아야 하고, 음식물을 보관할 때에도 랩으로 잘 싸서 보관한다.
② 침구류의 선택과 세탁
이불, 요, 침대 매트리스 등의 침구는 집먼지 진드기의 통과를 막을 수 있는 특수 재질로 된 커버를 씌우고, 커버를 주 1회 섭씨 55도 이상의 뜨거운 물로 세탁한 후 말려서 사용한다. 베갯속은 메밀이나 수수 등의 식물성 재료나 오리털 등을 넣은 것은 사용하지 말고 합성 수지나 특수 재질로 만든 것을 사용하는 것이 좋다. 베갯잇도 자주 세탁하여 사용하도록 한다.
③ 적절한 온도 및 습도의 유지
집먼지 진드기의 번식에 가장 중요한 것은 습도이다. 따라서 집먼지 진드기가 살기 어려운 조건으로 실내 환경을 만들어 주는 것이 중요하다. 즉, 실내 습도를 40~50%로 유지하는 것이 좋고 이를 위해 습도가 높은 여름철에는 제습기나 에어컨을 적절히 이용하여 습도를 조절하는 것이 좋다. 가습기는 실내의 습도를 높여서 곰팡이나 집먼지 진드기를 많이 번식시키고, 자주 청소하지 않으면 감염의 원인이 되므로 철저한 관리가 필요하다.
④ 카펫, 두꺼운 천으로 된 소파나 커튼 등은 사용하지 않는다.
⑤ 실내에서 애완동물을 기르지 않는다.
2) 실외 환경관리>
① 꽃가루
꽃가루에 예민한 환자는 꽃가루가 많이 날리는 계절에는 외출을 삼가고, 실내 창문을 잘 닫아두어야 한다. 외출 시에는 꽃가루 흡입을 방지할 수 있는 마스크를 사용하는 것이 좋다
② 대기오염
대기오염 물질의 하나인 아황산가스는 자동차 연료 및 화력발전소에서 대량으로 발생되어 기관지 수축을 일으킨다. 특히 우리나라에서는 3~4월에 중국에서 넘어오는 황사 현상에 의해서도 천식이 악화될 수 있으므로 주의를 요한다. 그러므로, 대기오염이나 황사가 심한 경우에는 실외에서 하는 과도한 운동을 피한다.
③ 직장의 환경 관리
직업상 노출되는 여러 물질에 의하여 천식 증상이 유발되거나 악화되기도 한다. 성능이 좋은 보호장비를 사용하는 것이 필요하다.",http://www.snuh.org/health/nMedInfo/nView.do?category=DIS&medid=AA000398,"천식을 성공적으로 관리하고 천식의 악화를 예방하려면
- 천식이 어떤 병인지 이해하고 있어야 한다.
- 환경 관리를 통해 원인 물질과 악화 인자를 피해야 한다.
- 의사로부터 처방 받은 약물을 규칙적으로 정확하게 사용해야 한다.
- 치료 약제의 기구 사용법을 충분히 알고 사용해야 한다.
- 증상이 조절되더라도 재발과 합병증을 막기 위해 꾸준히 치료를 해야 한다."
급성 대장염,acute colitis,"구역 ,  발열 ,  혈변 ,  구토 ,  설사 ,  복통","급성 장염은 일반적으로 급성 감염성 장염을 일컫는데 다양한 종류의 세균, 바이러스, 원충에 의해 발생한다. 급성 감염성 장염의 주 증상은 설사와 복통이다. 장티푸스, 파라티푸스, 세균성 이질, 장출혈성 대장균 감염증, 비브리오 패혈증 등이 있고, 연중 내내 발생한다.","대표적인 증상은 설사이다. 세균에 감염되면 장관 내로 수분과 전해질이 흡수되지 않고 오히려 분비되어 발생한다. 바이러스성 장염은 발열, 구토, 물 같은 설사, 배꼽 주위 복통이 나타난다. 심한 복통, 고열, 다량의 설사 그리고 혈액이 묻어 나오는 설사인 경우는 세균성 장염인 것으로 생각해 볼 수 있다. 대부분의 장염은 일주일 이내에 저절로 호전되나 유아나 고령자, 면역 결핍자는 탈수나, 고열 증상이 심하다.","급성 장염을 일으키는 원인은 다양한 종류의 세균, 바이러스, 원충으로 이들에 오염된 식품이나 물을 먹어서 감염된다. 바이러스 중 노로바이러스(norovirus)와 로타바이러스(rotavirus)에 의한 장염이 전체의 20%를 차지하고 연중으로 발생하며 특히 겨울철에 유행하고 있어 이에 대한 주의가 필요하다. 노로바이러스는 매우 높은 전염력을 보여 급식에 의한 집단 식중독 사례를 일으킨 것으로도 유명하다. 세균성 장염의 원인균으로는 장티푸스를 일으키는 살모넬라(salmonella), 세균성 이질을 일으키는 쉬겔라(shigella), 콜레라를 일으키는 비브리오(vibrio), 출혈성 장염을 일으키는 대장균(E. coli), 이외에 캠필로박터(campylobacter), 예르시니아(yesrsinia), 클로스트리디움(clostridium) 등이 있다. 원충으로는 대표적으로 아메바 (amoeba)가 있다. 이 외에 약제 복용 후 발생하는 위막성 장염 (clostridium difficile)이 있다.","위, 소장, 대장",전형적인 증상과 병력을 통해 임상적으로 진단한다. 확진을 위해서 혈액 또는 대변 배양으로 균을 확인할 수 있다.,"다음과 같은 검사를 주로 실시한다.

- 대변 내 백혈구 수 및 기생충 검사
- 대변 내 세균 배양 검사
- 혈액 검사 또는 혈청학적 검사: 백혈구가 증가한다
- 대장내시경 또는 S상 결장경 검사: 다른 장염과의 감별 진단을 위해 시행하며 대부분 비특이적인 염증 소견을 보이며, 조직검사를 통해 진단에 도움을 얻을 수 있다.","성인에게 나타나는 급성 설사는 대부분 입으로 충분한 수분을 섭취하는 것만으로도 치료되는 경우가 많다. 콜레라에 걸리거나 소아나 노인이라면, 포도당 전해질 용액(물에 소금, 전해질과 포도당을 섞은 것)을 직접 마셔 수분을 보충한다. 설사를 할 때는 금식해야 한다는 잘못된 속설이 있는데, 금식은 탈수의 위험이 있으므로 수분을 섭취하여야 한다. 물 대신 스포츠 음료나 희석된 과일주스, 청량음료를 복용해도 된다. 적절한 영양분을 섭취함으로써 손상된 대장 점막이 빨리 회복될 수 있도록 돕는다. 초기에는 쌀죽이나 바나나 등 가볍고 부드러운 음식을 먹고 유제품은 섭취하지 않는 것이 좋다. 그러나 영유아의 모유 수유는 설사 중에도 계속 유지해야 하며, 분유를 먹는 영유아는 젖당이 들어 있지 않은 제품으로 바꾸어 일시적으로 사용한다.

지사제(설사를 멈추는 약)를 사용하면 장 운동을 감소시켜 효과적으로 설사의 양과 횟수를 줄일 수 있다. 그러나 혈액이 섞여 나오는 설사나 지속적인 고열이 있는 경우에 지사제를 사용하면, 세균과 독소가 대변으로 배출되는 것을 막아 대장 점막 내로 세균 침범이 증가할 수 있으므로 주의해야 한다. 구토가 심하거나 장폐쇄증이 있는 경우, 먹을 수 없을 정도로 기운이 없거나 의식이 저하된 환자는 정맥 주사로 수액과 전해질을 공급한다. 항생제는 소아나 노인, 면역 결핍 환자에서 사용할 수 있는데 콜레라, 대장균에 의한 여행자 설사, 이질, 장티푸스, 위막성 장염, 예르시니아, 캠필로박터, 아메바 대장염, 위막성 대장염에 항생제를 사용할 수 있다. 그러나 바이러스성 장염인 경우나 성인에게 발생한 급성 감염성 장염에는 항생제를 사용하여 치료하는 것은 추천되지 않는다. 해열제는 열이 38℃ 이상일 경우 사용한다.","급성 설사는 세균성일지라도 탈수나 고열 증상이 심하지 않으면 대부분 저절로 호전되고, 바이러스에 의한 경우 약 절반 정도는 하루 이내에 증상이 호전된다. 그러나 적절한 수액 요법을 받지 않은 경우와 소아와 노인에서는 심한 경우 저혈압, 용혈성 요독 증후군, 급성 신부전으로 매우 드물지만 사망할 수도 있다.","- 오염된 음식이나 물을 섭취하지 않는다.
- 환자와 환자 가족은 손을 자주 씻고 주변 환경을 깨끗이 한다.
- 환자의 격리는 필요하지 않으나 분변에 오염되지 않도록 주의한다.
- 식품 조리 종사자는 손을 항상 깨끗이 씻어야 하며, 음식물의 냉장 보관과 환경 위생도 중요하다.",http://www.snuh.org/health/nMedInfo/nView.do?category=DIS&medid=AA000459,"- 손을 깨끗이 씻는다.
- 오염된 음식이나 물을 접촉하지 않는다.
- 어패류 육류의 냉장은 필수적이다.
- 음식물을 80℃ 이상의 열로 7~8분 이상 조리한 후 먹는다."
감기,common cold,"기침 ,  인두통 및 인후통 ,  비루 ,  비폐색 ,  재채기 ,  근육통 ,  발열","감기는 바이러스에 의해 코와 목 부분을 포함한 상부 호흡기계의 감염 증상으로, 사람에게 나타나는 가장 흔한 급성 질환 중 하나이다. 재채기, 코막힘, 콧물, 인후통, 기침, 미열, 두통 및 근육통과 같은 증상이 나타나지만 대개는 특별한 치료 없이도 저절로 치유된다.","감기 바이러스에 노출된 지 1~3일 후에 증상이 나타난다. 증상은 감기 바이러스가 상부 호흡기계에 어느 정도 침투했는가에 따라 다양하게 나타난다. 콧물, 코막힘, 목 부위의 통증, 기침과 근육통이 흔하게 나타나는 증상이다. 성인에게서 열이 나는 경우는 드물거나 미열에 그치지만, 소아에게서는 발열 증상이 흔하게 나타난다. 결막염이 동반되어 눈물이 날 수도 있다. 환자의 연령, 기존에 앓고 있었던 질환, 면역상태 등에 따라 증상의 정도가 달라질 수 있다. 감기의 경과 중에 다른 합병증이 없어도 콧물이 진해지고, 누렇거나 푸르게 변하기도 한다.","200여개 이상의 서로 다른 종류의 바이러스가 감기를 일으킨다. 그 중 30~50%가 리노바이러스(Rhinovirus)이고 10~15%가 코로나바이러스(Coronavirus)이다. 성인은 일년에 2~4회, 소아는 6~10회 정도 감기에 걸린다. 감기 바이러스는 사람의 코나 목을 통해 들어와 감염을 일으킨다. 감기 바이러스를 가지고 있는 환자의 코와 입에서 나오는 분비물이 재채기나 기침을 통해 외부로 나오게 되면 그 속에 있는 감기 바이러스가 공기 중에 존재하다가 건강한 사람의 입이나 코에 닿아 전파된다. 따라서 감기 환자와 가까이 있거나 사람이 많은 곳에 감기 환자가 있으면 감기 바이러스가 잘 전파된다. 이러한 호흡기 감염 경로 외에 감기 환자의 호흡기 분비물이 묻어있는 수건 등을 만진 후 그 손으로 눈이나 코, 입 등을 비볐을 때에도 감기 바이러스에 감염된다. 실내에서 생활하는 시간이 많은 가을과 겨울에 감기에 더 잘 걸리며, 겨울이 없는 지역에서는 우기에 감기에 더 잘 걸린다. 독감은 감기와 일부 증상이 비슷할 수 있지만 원인 바이러스가 다르며, 증상이나 합병증, 치료법도 다르다.","상부 호흡기계, 코, 목","병력 조사와 함께 임상 증상을 관찰하여 진단할 수 있다. 감기의 경우 확진 검사는 시간과 비용에 비해 장점이 크게 없기 때문에 대부분 하지 않는다. 그러나 감기는 특별한 치료가 필요한 다른 질병과 증상이 비슷할 수 있기 때문에 이를 감별하는 것이 매우 중요하다. 감기의 경우에는 자가 치료로도 충분히 나을 수 있지만 감기가 아닌 다른 심각한 질환일 경우에는 반드시 병원에서 치료를 받아야 하므로, 확실히 감별하기 어렵다면 병원을 방문해야 한다. 다음의 증상이 나타날 경우에는 일반적인 감기가 아닐 가능성이 더 많다.
- 10일 이상 지나도 증상이 호전되지 않거나 오히려 악화되는 경우
- 39도 이상의 발열
- 식은땀과 오한이 동반되는 경우
- 심한 피로감
- 배가 아프거나 토하는 경우
- 귀의 통증
- 심한 두통
- 호흡 곤란
- 지속적인 기침
- 지속적으로 우는 아이","감기의 원인 바이러스를 확인하기 위한 검사를 시행할 수 있으나 대개는 자연적으로 치유되기 때문에 바이러스 확인 검사는 시행하지 않는 것이 보통이다. 감기와 다른 질환을 감별하기 위해서는 세균검사, 바이러스 배양검사나 혈청검사 등을 시행한다.","특이적인 치료법은 없다.
세균에 의한 2차 감염을 방지할 목적으로 항생제를 일률적으로 사용하는 것은 추천되지 않는다. 중이염, 폐렴, 부비동염 등이 세균성으로 증명된 경우에만 항생제를 사용하도록 한다.
또한, 진해제, 거담제, 항히스타민제가 감기에 효과가 있다는 증거는 없으며, 소아에게는 오히려 해가 될 수도 있다.","급성 중이염, 부비동염(축농증), 폐렴 등이 동반될 수 있다. 어른의 경우, 상부 기도가 감기 바이러스에 감염되면 0.5~2.5%의 환자에게서 급성 세균성 부비동염이 발생할 수 있다. 감기가 폐렴으로 이어지기도 하는데, 소아, 노인, 면역억제제를 투여 받는 환자에게서 더 잘 발생한다. 노인의 경우 감기에 걸리면 이미 앓고 있는 심부전이나 다른 만성 질환이 악화될 수 있다. 천식 환자의 경우 감기에 걸리면 40% 정도의 환자에게서 천식이 악화될 수 있다. 소아의 경우에는 감기의 합병증으로 급성 중이염이 발생하기도 한다. 감기는 보통 1~2주가 지나면 증상이 호전된다.",,http://www.snuh.org/health/nMedInfo/nView.do?category=DIS&medid=AA000002,"감기 바이러스와 접촉할 수 있는 기회를 차단하여야 한다. 손을 자주 씻어 손에 묻어 있을 수 있는 감기 바이러스를 없애고 손으로 눈이나 코, 입을 비비지 않도록 한다. 다른 사람과 수건 등의 일상 용품을 함께 쓰지 않는 것이 좋다. 기침을 할 때는 손으로 가리지 말고 머리를 아래로 숙여서 바닥을 향하도록 한다. 어린이는 성인에 비해 감기 바이러스에 감염될 확률이 높기 때문에 어린이를 유치원에 보낼 때에는 위생시설이 잘 갖추어져 있는 곳을 고르도록 하고 인원이 너무 많은 곳은 피한다."
급성 경막하 출혈,acute subdural hemorrhage,"두통 ,  호흡장애 ,  혼수 ,  구역 ,  구토","급성 경막하 출혈은 뇌를 둘러싸고 있는 경막(dura)이라는 막의 안쪽에서 뇌 표면의 혈관이나 뇌와 경막 사이를 이어주는 혈관이 외상에 의해 파열되어 다량의 급성 출혈이 발생하여 뇌와 경막 사의의 경막하 공간(subdural space)에 피가 고여 뇌를 압박하는 상태로서, 흔히 뇌 실질의 좌상(타박상)과 파열, 뇌내출혈을 동반한다.","급성 경막하 출혈은 가장 심각한 형태의 두부 외상으로서 많은 경우에 의식장애가 동반된다. 응급실에 도착할 때 이미 혼수상태에 있는 경우도 볼 수 있다. 초기에는 인지 기능과 지남력(사물을 가리키거나 지적할 수 있는 능력)이 저하되어 의사소통이 잘 되지 않거나 자꾸 잠을 자려는 경향을 보이기도 한다. 출혈이 계속되고 뇌 부종(cerebral edema)이 생기면서 뇌압이 증가하면 환자의 의식이 급격하게 악화되면서 반신 마비, 동공 확대, 호흡곤란 등이 나타나고 환자는 완전한 혼수상태에 빠지게 된다.
출혈이 경미하고 뇌 실질의 손상이 없는 경우 환자의 의식상태가 양호하여 두통만 호소하는 경우도 있다.","노인의 경우 낙상(落傷)에 의하여 주로 발생하며 젊은이들에서는 교통사고와 폭행에 의해 주로 발생한다. 영유아에서는 아동학대에 의한 폭행으로 발생하는 경우가 종종 있다. 머리에 대한 직접적인 충격과 함께 가속력에 의하여 회전 모멘텀(회전운동량)이 발생하는 경우, 뇌와 경막 사이를 이어주는 연결 혈관이 파열되어 발생하는 경우가 가장 많다. 심혈관계 질환이나 뇌혈관 질환 때문에 항응고제(anticoagulant)를 복용하는 경우 발생 빈도가 높고, 장기간 다량의 음주를 하는 경우 위험도가 증가한다.",뇌,"젊은 사람이 오토바이 사고를 당하고 의식을 잃었거나 노인이 길 또는 계단에 쓰러져 있다가 발견되는 경우와 같은 사고의 정황을 이해하고 의심하는 것이 중요하다. 머리 부위에 상처나 혹이 있는 경우도 있으나, 겉으로 외상이 전혀 보이지 않는 경우도 많다.
흔히 의식장애를 동반하며 반 혼수나 혼수상태에 빠질 수 있으며 경련성 발작을 일으킬 수도 있다. 뇌 전산화 단층촬영(CT)을 통하여 정확한 진단을 하게 된다.","뇌 전산화 단층촬영으로 급성 경막하 출혈을 진단하고 동시에 뇌 실질에 좌상(타박상), 열상(찢어짐), 뇌내출혈 등이 동반되어 있는지 확인할 수 있다. 또한 뇌 부종의 정도와 뇌가 압박을 받는 정도를 확인할 수 있으므로 환자의 상태를 이해하고 치료방침을 정하는데 매우 중요하다.","환자의 의식이 저하되고 있으며 전산화 단층촬영에서 출혈량이 상당하여 뇌가 압박을 받는 소견이 보인다면 수술적 치료가 필요하다. 일반적으로 두개골과 경막을 열고 응고된 혈괴(血塊)를 제거하여 뇌에 대한 압박을 풀어주는 수술을 하며, 심한 경우 혈괴를 제거하더라도 뇌 부종이 계속 진행되어 뇌압이 올라가는 경우가 많으므로 인조 경막을 써서 경막을 여유있게 봉합하고 그 위에 두개골을 닫지 않고 피부만 봉합하여 압력을 줄여주는 감압술을 하기도 한다.
뇌 실질의 손상이 심하고 뇌 부종이 너무 심하여 조절되지 않을 때는 대뇌의 일부를 제거하여 뇌의 부피와 압력을 줄이는 뇌엽 절제수술(lobectomy)을 병행하기도 한다. 이 경우 수술 후에도 마취 상태를 유지하면서 뇌압을 낮추는 약물을 수일간 투여하기도 한다.
모든 방법을 다 사용하여도 뇌의 상태가 호전되지 않는 경우, 이미 뇌 손상이 치명적인 수준을 넘은 것이며 많은 경우 뇌사 상태로 진행하게 된다.
출혈량이 적고 환자의 의식상태가 양호한 경우에 한하여 관찰치료를 하기도 하며, 이 경우 환자의 의식상태와 뇌 전산화 단층촬영을 지속적으로 관찰한다.
급성 경막하 출혈의 예후는 뇌출혈 및 뇌 손상의 정도에 의하여 좌우되며, 수술 전에 의식수준이 나쁜 환자들에서는 매우 높은 사망률을 보이고 있다.",증상의 진행이 완만하고 예후가 좋은 만성 경막하 출혈과 달리 급성 경막하 출혈은 매우 예후가 나쁘며 수술을 받더라도 진단받은 환자들의 60%가 사망한다고 알려져 있다. 생존하더라도 심한 신경기능 이상의 후유증이 남을 수 있다.,"장기간의 과음(過飮)은 뇌 위축을 초래하여 경막하 출혈의 위험을 증가시킨다. 또한 교통사고, 낙상, 폭행 등 경막하 출혈이 생길 수 있는 사고의 상당수가 음주와 관련하여 발생하고 있다. 따라서 절주를 통하여 경막하 출혈의 위험을 줄일 수 있다.",http://www.snuh.org/health/nMedInfo/nView.do?category=DIS&medid=AA000137,노인(老人)의 낙상 주의
인플루엔자,influenza,"기침 ,  근육통 ,  두통 ,  인두통 및 인후통 ,  발열","독감은 인플루엔자 바이러스에 의한 급성 호흡기 질환이다. 독감은 상부 호흡기계(코, 목)나 하부 호흡기계(폐)를 침범하며 갑작스런 고열, 두통, 근육통, 전신 쇠약감과 같은 전반적인 신체 증상을 동반한다. 독감은 우리나라를 비롯하여 전세계에서 발생하며, 계절 구분이 있는 지역에서는 매년 겨울에 소규모로 유행되고 있다. 독감은 전염성이 강하고, 노인이나 소아, 다른 질환을 앓고 있는 사람이 걸리면 사망률이 증가하고 합병증의 발생이 증가하므로 중요하다. 또한 일부 지역에 한정된 발병이 아닌, 새로운 종류의 독감 바이러스에 의해 짧은 시간에 넓은 지역에 유행하게 되면 젊은 사람도 많이 사망할 수 있다. 독감은 일반 감기와는 원인균과 병의 경과가 다르기 때문에 감기와는 구별하고 있다. 즉, 감기와 독감은 전혀 다른 병이다.","두통, 발열, 오한, 근육통과 같은 전신 증상이 갑자기 발생하면서 목이 아프고 기침이 나는 등의 호흡기 증상이 동반된다. 환자가 느끼는 이러한 증상은 매우 다양해서, 감기와 비슷하게 발열이 없는 호흡기 증상만 나타나는 경우도 있고, 전형적으로 고열과 호흡기 증상을 동반하는 경우도 있다.","독감 바이러스 또는 인플루엔자 바이러스(influenza virus)가 원인 병원체이다. 독감 바이러스에는 인플루엔자 바이러스 A, B, C형 세가지가 존재하지만 사람에게 병을 일으키는 것은 A형과 B형이다. B형은 증상이 약하고 한 가지 종류만 존재하지만, A형은 바이러스 표면에 있는 H항원과 N항원의 종류에 따라 여러 가지 종류가 존재한다. 보통 사람에게 병을 일으키는 항원의 종류는 H1, H2, H3와 N1, N2이다. 조류에서 나타나는 H항원과 N항원은 보통 사람에게는 병을 일으키지 않지만, 바이러스 내에서 유전자 돌연변이가 일어나거나 사람에게 병을 일으키는 종류의 항원과 유전자를 교환하면 사람에게도 쉽게 병을 일으키는 형태로 변할 수 있다. 사람에게 기존에 면역이 없는 이러한 새로운 인플루엔자 바이러스가 나타나면 전세계를 휩쓰는 대유행을 일으킬 수 있다.","기도, 심장, 뇌수막","독감 유행 시기에 앞서 독감 증상이 있는 경우에 독감을 의심해 볼 수 있다. 호흡기 검체에서 바이러스를 배양하거나, 바이러스 항원을 검출하면 확실히 진단할 수 있고, 혈액을 채취하여 항체검사를 해도 진단할 수 있다.","바이러스 배양은 인후에서 체액을 채취하거나 비인두 세척 시 또는 가래에서 채취한 검체를 이용하는데, 배양에 48~72시간이 걸리기 때문에 검사 결과를 신속히 얻을 수 없다. 대신 바이러스의 핵 단백이나 뉴라민분해효소(neuraminidase)를 검출하는 방법을 이용하면 신속하게 진단을 내릴 수 있다. 바이러스 핵산을 역전사효소 중합연쇄반응으로 검출할 수 있으며, 바이러스의 종류는 면역형광법이나 적혈구응집 억제법으로 구분할 수 있다.",독감 바이러스에 대한 특이적인 치료제가 있다. 그러나 증상 발생 48시간 안에 사용해야 효과가 있다.,"65세 이상의 노인과 심폐질환, 당뇨, 응고장애, 만성 신장 질환, 면역억제 질환을 가지고 있는 환자에게서 합병증이 많이 발생한다. 임신 2기나 3기의 산모나, 2세 미만의 영아도 합병증이 발생할 위험성이 크다. 폐렴이 가장 심각한 합병증이며, 인플루엔자 바이러스 자체에 의해서 발생할 수 있으나 이차적으로 세균에 감염되어 세균성 폐렴이 생기면서 나타나기도 한다. 소아에서는 독감 증상이 좋아질 무렵에 갑자기 구토나 흥분 상태가 나타나 경련과 같은 중증의 뇌장애 증상이 나타나고 심하면 사망할 수 있는데, 이를 라이 증후군이라고 한다. 이는 아스피린 복용과 관련이 있다고 알려져 있으므로 잘 구분되지 않는 감기 증상이 있는 소아에게 아스피린을 먹이면 안 된다. 그 외 보통 근육의 염증, 심장근육의 염증, 심장을 둘러싸고 잇는 심낭의 염증도 생길 수 있으며, 뇌염과 같은 신경계 합병증도 일으킬 수 있다.",,http://www.snuh.org/health/nMedInfo/nView.do?category=DIS&medid=AA000009,
긴장성 두통,tension type headache,두통,"긴장성두통은 대부분의 사람들이 경험할 정도의 가장 흔한 두통이다. 일반적으로 스트레스, 피로, 수면부족 등의 요인에 의해 발생하는 가벼운 두통이 바로 긴장성두통이다. 긴장성두통은 20~40세 사이에 가장 많이 나타나며 나이가 들면서 점차 사라진다.","긴장성두통은 흔히 두피(두개골 밖)에 분포하는 근육이 지속적으로 수축하면서 발생한다. 긴장성두통 환자가 호소하는 통증은 일반적으로 박동성이지 않은 압박감, 조이는 느낌, 또는 머리나 어깨를 짓누르는 느낌 등으로 나타나며 대부분 양측에 모두 나타난다. 대개 띠가 머리를 두른 듯 둔하고 지속적인 두통이 느껴지며 진통제에 의해 잘 완화되는 편이다. 일부 환자에게서는 통증이 심할 때 주기적인 박동성을 가지는 통증이 나타날 수 있다. 통증의 강도는 대부분 가볍기 때문에 두통이 있을 때에도 일상생활을 할 수 있다. 다만 두통의 빈도가 잦은 경우에는 다소 강한 두통이 발생할 수도 있다. 긴장성두통 환자의 경우, 편두통과는 다르게 일상생활에 의하여 두통이 악화되지 않는 것이 특징이다. 일반적으로 스트레스, 수면 부족, 피로, 금식, 음주 등에 의해 긴장성두통이 악화된다.",긴장성두통의 원인에 대해서는 명확히 밝혀진 것이 없다. 긴장성두통 환자에게서 두개(머리) 주변의 근막압통이 흔히 나타난다. 이는 말초에 있는 통증을 담당하는 통각수용기가 활성화되어 근막(근육을 싸고 있는 막)에서 통증을 감지하는 감수성이 증가하여 나타나는 증상이라고 생각된다. 이 근막 통각수용기의 민감화가 긴장성두통의 말초성 원인으로 생각되고 있다.,머리(두피),"국제두통협회에서 긴장성두통의 진단 기준을 발표하였고 이 기준이 임상에서 널리 쓰이고 있다.
1. 2~3을 만족하는 두통이 일정 기간 이상 존재(긴장성 두통을 저빈도/고빈도 및 만성으로 분류하는데, 각 분류에 따라 빈도에 대한 규정이 다르다.)
2. 두통은 30분에서 7일간 지속함(만성에서는 수시간)
3. 두통은 다음 양상 중 적어도 두 가지 이상을 가짐
1) 양측성
2) 압박감/조이는 느낌(비박동성)
3) 경도 또는 중등도의 강도
4) 걷기나 계단 오르기 같은 일상 신체활동에 의해 악화되지 않음
4. 다음의 두 가지 모두를 만족함
1) 구역이나 구토가 없음(식욕감퇴는 있을 수 있음)
2) 빛공포증이나 소리공포증 중 한 가지만 있을 수 있음
5. 다른 질환에 기인하지 않음",,긴장성두통은 단순진통제에 잘 반응한다. 그리고 저빈도 삽화성(episodic) 긴장성두통 환자에서는 예방적 치료를 시행할 필요가 없다. 만성 긴장성두통 환자에게는 항우울제 등의 약물을 예방적 차원에서 투여하기도 한다. 그러나 약물과용두통으로 변형될 위험이 있으므로 조심해야 한다.,"긴장형두통은 만성으로 변형되지 않는 한 대개 치료에 잘 반응하며 장기적인 합병증이나 후유증도 남기지 않는 편이다. 장기적으로 환자의 약 50%는 두통이 호전되지만, 나머지 절반의 환자의 경우 만성 긴장형두통이나 약물과용두통으로 변형된다고 알려져 있다.",,http://www.snuh.org/health/nMedInfo/nView.do?category=DIS&medid=AA000101,
고산병,high-altitude medical problem,"두통 ,  구역 ,  의식장애 ,  호흡장애 ,  식욕 부진 ,  구토 ,  마비 ,  혼수 ,  기침 ,  청색증","고산병은 낮은 지대에서 고도가 높은 해발 2,000~3,000m 이상의 고지대로 이동하였을 때 산소가 희박해지면서 나타나는 신체의 급성반응이다. 이전에는 몇몇 등산전문가에게만 해당되는 것이었으나, 전문가가 아니더라도 높은 고지대를 등산하는 인구가 늘어나면서 점차 중요한 환경질환으로 대두되고 있다. 고지대 등산으로 생길 수 있는 질병으로는 저체온증, 동상, 자외선 결막염, 탈수 등이 있는데, 고산병은 대개 저산소증에 순응하지 못한 사람에게 발생하는 다양한 병리학적 증후군을 말하며, 급성산악병(Acute Mountain Sickness, AMS), 뇌와 폐에 물이 차는 고산뇌수종 (High Altitude Cerebral Edema, HACE), 고산 폐수종(High Altitude Pulmnary Edema, HAPE) 등이 이에 포함된다.","급성산악병은 가벼운 두통과 숨이 답답한 증상으로 시작하여 대개 등산 후 1~6시간 사이에 발생한다. 몸을 구부리거나 뱃 속 압력을 높이는 발살바 메뉴버(Valsalva maneuver)시에 이마 쪽으로 두통이 심해지고, 비특이적인 식욕저하, 구역(메슥거림), 구토 등의 소화기 증상과 권태감, 위약감, 소변양 감소, 수면장애가 발생할 수 있다.

고산병의 심각한 증상인 고산뇌수종은 실조증과 의식저하 등이 나타나며, 12시간 내에 치료하지 않으면 혼수에 빠지게 된다.
고산폐수종 환자는 초기에 마른기침을 하고, 운동하면 호흡곤란, 폐수포음이 들리며, 더욱 심해지면 청색증과 거품이 섞인 기침, 안정시 호흡곤란, 의식저하가 발생하여 최악의 경우 사망할 수 있다.","고지대로 올라가면 점차 공기 중 산소농도가 떨어져 동맥 혈액에 녹아든 산소가 줄고(산소분압 감소), 조직에는 저산소증이 발생한다. 이에 대한 정상적인 보상반응을 순응이라 하는데, 상대적으로 숨을 많이 쉬어 산소부족량을 보충하고, 산소함유량이 저하된 혈액을 많이 순환시키며, 뇌의 혈관을 확장하여 뇌에 많은 혈액이 흐르도록 한다. 하지만 이러한 생리적 적응 한계는 산소농도가 16% 정도일 때이며, 이보다 낮은 농도에서는 생체적 보상이 더 이상 효과적으로 기능하지 못하여 산소결핍증상이 나타난다.

순응력은 사람마다 다르며, 저산소의 강도나 등산속도, 고지대에서의 신체활동량 등과 같은 다양한 요인에 의해 영향을 받는다. 순응은 등산 시작 후 수분 이내에 시작되지만 완전한 순응이 이루어지기까지는 수 주가 걸릴 수도 있다. 순응이 잘 안 된 사람이 2,000m 이상의 고도를 등반할 때 저산소증에 적응하지 못해 발생하는 것이 고산병이다. 발생하는 정확한 기전은 모르지만, 저산소증에 의해 유발된 과도한 관류압과 모세혈관압력, 그리고 머리와 허파의 미세혈관의 누출 등으로 인한 잘못된 체액조절 때문인 것으로 생각된다.","뇌, 허파",고산병은 증상을 보고 의심하는 것이 중요하다.,고산병을 진단하는 특별한 검사는 없다.,"1) 경한 급성 산악병
- 등산을 중지하고, 낮은 고도로 내려가거나 혹은 같은 고도에서 순응하는 시간을 갖는다.
- 순응을 빠르게 하기 위해 아세타졸아미드(Acetazoleamide) 125-250mg을 하루 2번 복용한다.

2) 중등도의 급성 산악병
- 증상이 더욱 악화될 수 있으니 즉시 하산한다.
- 가능하다면 저유량 산소를 사용한다.
- 고압산소 치료도 도움이 된다.
- 아세타졸아미드(Acetazoleamide) 250mg 하루 2번 그리고/또는 덱사메타손(Dexamethasone) 4mg을 하루 4번 복용한다.

3) 고산뇌수종
- 즉시 하산하거나 철수한다.
- 산소를 2~4L/min로 흡입하게 하거나, 산소 포화도가 90이상이 되도록 산소를 조절한다.
- 덱사메타손(Dexamethasone) 8mg 복용/근주/정주한 후 4mg을 하루 4번 사용한다.
- 하산할 수 없으면, 그 장소에서 고압산소치료를 한다.

4) 고산폐수종
- 즉시 하산하거나 의료시설로 이동한다.
- 산소를 4L/min로 주거나 산소 포화도가 90이상이 되도록 산소를 조절한다.
- 하산을 못하거나 산소를 사용할 수 없다면 니페디핀(Nifedifine) 10mg을 하루 4번 또는 6번 먹거나, 30mg을 하루 2번 먹는다.
- 하산하지 못하면 고압산소치료를 한다.
- 지속성 양성 기도압을 유지한다.
- 움직임을 최소한으로 하고 몸을 따뜻하게 해준다.
- 뇌증상이 나타나면 덱사메타손(Dexamethasone) 4mg을 하루 4번 복용한다.
- 알부테롤(Albuterol) 흡입치료를 하루 6번 시행한다.",급성산악병은 생명에 위협을 주지는 않는다. 그러나 무리해서 등산을 지속할 때는 고산뇌수종과 고산폐수종으로 진행하여 사망을 초래할 수 있다. 특히 고산폐수종은 초기에 인지하여 적절한 치료를 하지 않으면 돌이킬 수 없다.,고도가 올라감에 따라 나타날 수 있는 신체 변화를 이해하고 적절히 대처할 수 있어야 한다.,http://www.snuh.org/health/nMedInfo/nView.do?category=DIS&medid=AA000723,"- 등산 초반에 무리해서 올라가지 말고, 적응기간을 갖는다.
- 등산 1일 전부터 등산 2일째까지 아세타졸마이드(Acetazoleamide) 5mg/kg을 하루 2번 또는 3번에 나눠서 복용한다.
- 고산병 증상이 느껴지는 초기에 등산을 멈추거나 낮은 지대로 내려가는 것이 좋다.
- 또한, 하루에 최대 300m 정도 올라가는 것이 좋다."
아나필락시스,anaphylaxis,"호흡장애 ,  천명 ,  어지럼증 ,  실신 ,  저혈압 ,  부종 ,  안면홍조 ,  소양감 ,  히스테리구 ,  구역 ,  구토 ,  복통","우리 몸에서 알레르겐에 의해 면역 반응이 일어나면 IgE 라는 항체가 생기게 된다. 만일 면역 반응을 일으켰던 알레르겐이 다시 우리 몸 속에 들어오게 되면 염증 세포 표면에 붙어 있던 IgE와 결합하면서 화학물질이 분비된다. 이 화학 물질에 의해 쇼크 증세와 같은 심한 전신 반응이 일어나는데, 보통 시간이 매우 짧아 아주 소량의 알레르겐에 다시 노출되더라도 수분 이내에 증상이 나타난다. 한편 결과적으로 비슷한 증상이 나타나지만 면역 반응에 의한 증거가 부족한 경우(알레르겐에 반응하는 IgE 항체의 존재가 증명되지 않은 경우)를 아나필락시스양 반응(anaphylactoid reaction)이라고 부른다.","원인에 노출된 후 대개는 30분 이내에 급성으로 나타난다

1) 호흡기
기관지 근육의 경련과 수축을 유발하여 호흡 곤란과 천명(기관지가 좁아져서 쌕쌕 거리는 소리가 나는 호흡음), 저산소증, 코막힘, 콧물 등이 나타난다.

2) 순환기
혈압이 떨어지고 뇌로 가는 혈류량이 줄어들어 두통이나 어지러움이 나타나며, 심하면 정신을 잃는다 (쇼크 상태). 자신도 모르게 대소변을 보기도 한다.

3) 소화기
혈압 저하로 오심과 구토가 생기고, 위장관으로 가는 혈류량이 감소하여 복통이 나타나기도 한다.

4) 피부
처음에는 입 주위나 얼굴에 따끔거리는 느낌, 혹은 입 안이 마르는 느낌이 동반되기도 한다. 피부 또는 점막에 두드러기, 소양감, 홍조, 또는 입술이나 혀에 혈관 부종이 생길 수 있다. 특히 목젖을 중심으로 하여 후두 부위에 심한 혈관 부종이 생기면 기도가 막혀 질식할 수 있으므로 연하곤란이나 목이 조여 드는 느낌이 나타나면 주의해야 한다.","IgE에 의한 면역 반응을 유발할 수 있는 요인이라면 모두 아나필락시스를 일으키는 원인이 될 수 있다. 임상적으로 아나필락시스와 아나필락시스양 반응을 구별하기는 어렵기 때문에 이 둘의 원인을 각기 구별 짓지 않고 함께 열거하면 다음과 같다.

1) 음식
이론적으로는 모든 종류의 음식물이 아나필락시스를 일으킬 가능성이 있지만, 흔히 관찰할 수 있는 것은 밀가루, 메밀, 땅콩 그리고 새우나 가재와 같은 갑각류 등이 있다. 드물지만 음식을 단순히 먹는 것만으로는 아나필락시스를 유발하지 않지만, 섭취 후 달리기나 농구와 같은 운동을 했을 때 증상이 나타나는 경우도 있다. 이를 ‘음식 의존성 운동 유발성 아나필락시스’라는 긴 이름으로 부른다.

2) 약물
역시 모든 약물이 이론적으로 이러한 증상을 일으킬 가능성을 가지고 있다. 흔한 약물은 페니실린이나 세팔로스포린 계열의 배타락탐 항생제와 비스테로이드성 소염 진통제, 그리고 컴퓨터 단층촬영(CT)에 사용되는 조영제 등이다. 그리고 적혈구나 혈장과 같은 혈액 제재를 투여 받을 때 아나필락시스가 나타나는 경우가 있다.

3) 곤충
벌에 쏘이거나 개미에 물릴 때 생길 수 있다.

4) 운동
음식 섭취와 관계없이 운동만으로도 아나필락시스가 생길 수 있다.

이외에도 혈액 투석 중에 투석막에 의한 보체 활성화로 나타나기도 하며, 때로는 원인을 찾을 수 없는 경우도 있다(특발성 아나필락시스).","피부, 기관지, 심장, 위장관","대부분은 전형적인 임상 소견으로 진단한다. 즉, 아나필락시스를 잘 유발하는 원인에 노출된 후 짧은 시간 내에 피부나 점막에 두드러기 혹은 혈관 부종이 발생하고, 호흡 곤란 등의 호흡기 증상이나 저혈압 등의 순환기 증상을 동반하면 아나필락시스로 진단할 수 있다.","알레르겐, 특이 IgE 항체를 형성한 것으로 의심되는 알레르겐을 이용하여 피부반응검사를 시행하는 것이 진단에 도움이 된다. 그러나 아직 표준적인 시약이 없기 때문에 피부반응검사상 양성으로 나타나는 것이 아나필락시스를 일으키는 원인일 가능성이 크지만, 음성으로 나타나더라도 그 알레르겐이 진짜 원인일 가능성을 완전히 배제하지는 못한다는 한계점이 있다. 따라서 좀 더 정확한 진단을 위해서 유발검사를 조심스럽게 시행해 볼 수 있다. 이 검사법은 의심되는 물질을 증상이 생겼던 방법과 동일하게 환자에게 재차 노출을 시키는 방법이다. 하지만 이 방법은 심한 증상을 유발할 가능성이 있으므로 꼭 필요할 때, 경험이 많은 검사자에 의해서만 시행되어야 한다.","급성 증상이 발생하면 응급 조치를 통해 혈압을 상승시키고 기도를 확보하는 것이 가장 중요하다. 산소를 공급하면서 에피네프린이나 스테로이드, 항히스타민제 등을 투여한다. 하지만 치료에 있어 가장 기본적인 사항은 자신의 증상을 유발한 원인을 정확히 알고 피하여 미연에 방지하는 것이다.",시간이 지나면 대부분은 합병증 없이 회복하게 된다. 그러나 심한 혈압 저하가 나타나므로 기존에 심장이나 뇌에 질환을 가지고 있을 경우에는 저혈압으로 인한 장기 손상이 발생할 수 있다.,"필요하면 자신의 증상 원인을 메모해서 휴대하거나 목에 걸고 다니는 것도 도움이 된다. 이를 통해 병원에서 약 처방을 받을 때 원인 약물이 재차 투여되는 것을 예방할 수 있고, 정신을 잃고 쓰러졌을 경우 주변 사람이 그 원인을 짐작하여 적절한 응급 조치를 시행할 수 있도록 도울 수 있다.",http://www.snuh.org/health/nMedInfo/nView.do?category=DIS&medid=AA000538,대부분은 증상의 발생을 예측할 수 없으므로 지속적으로 원인에 노출되거나 노출을 피할 수 없는 경우(예를 들면 벌에 쏘여 아나필락시스가 발생한 양봉업자가 계속 양봉업에 종사해야 하는 경우) 혹은 심한 증상이 자주 생기는 경우에는 증상 발생 시 즉시 혈압을 상승시킬 수 있는 에피네프린 자가 주사기를 휴대하는 것이 안전하다. 음식 의존성 운동 유발성 아나필락시스의 경우는 관련되는 음식을 먹은 후 적어도 5시간이 지난 다음 운동을 하도록 한다. 벌에 의한 아나필락시스는 벌독을 이용한 면역 치료로 예방 효과(재차 벌에 쏘여도 약한 반응이 나타나도록 하는 효과)를 볼 수도 있다.
루게릭병,"amyotrophic lateral sclerosis, ALS","근육간대경련 ,  실행증 ,  호흡장애 ,  저혈압","루게릭병은 운동신경세포만 선택적으로 사멸하는 질환으로 대뇌 겉질(피질)의 위운동신경세포(upper motor neuron, 상위운동신경세포)와 뇌줄기(뇌간) 및 척수의 아래운동신경세포(lower motor neuron) 모두가 점차적으로 파괴되는 특징을 보인다. 임상 증상은 서서히 진행되는 사지의 위약(weakness, 쇠약) 및 위축으로 시작하고, 병이 진행되면서 결국 호흡근 마비로 수년 내에 사망에 이르게 되는 치명적인 질환이다. 일 년에 10만 명당 약 1~2명에게서 루게릭병이 발병하는 것으로 알려져 있다. 루게릭병은 50대 후반부터 발병이 증가하며, 남성이 여성에 비해 1.4~2.5배 정도 더 발병률이 높다.","위운동신경세포가 파괴되면서 겉질숨뇌로와 겉질척수로가 점차 손상되고, 이에 따라 뇌줄기, 목, 가슴, 허리엉치분절이 담당하는 얼굴, 몸통, 사지에 위운동신경세포 손상 증상과 징후(위운동신경세포증후군)가 나타난다. 또한 척수의 각 분절의 앞뿔에 위치한 아래운동신경세포가 파괴되면서 아래운동신경세포 손상의 증상과 징후(아래운동신경세포증후군)가 함께 나타난다. 특히 혀근육이 부분적으로 수축하여 식사를 할 때 사래가 들리거나 기침을 하고, 흡인성 폐렴(음식물 등이 식도로 넘어가지 않고 기도로 잘못 흡인되어 야기되는 폐렴) 등이 발생하기 쉽다. 호흡곤란은 가로막과 갈비사이근육의 위약으로 발생할 수 있는데, 특히 가로막이 약하면 누워있을 때 복강 장기의 흉강 압박을 막지 못해 호흡곤란이 심해질 수 있다. 인지기능의 장애도 일부에서 동반된다고 알려져 있다.","루게릭병의 발병 원인은 아직 밝혀져 있지 않지만 지금까지 여러 가지 가설들이 제기되고 있다. 전체 루게릭병 환자의 약 5~10%는 가족성 근육위축 가쪽경화증으로 알려져 있고, 이 중 약 20%의 가족에서 21번 염색체에서 원인 유전자의 돌연변이가 확인되고 있다. 현재까지 모두 8곳의 유전자가 가족성 루게릭병을 유발한다고 보고되었다. 그 외에 유전성이 아닌 산발성 루게릭병에서는 흥분세포독성(excitotoxicity)에 의한 세포자멸사(아포토시스, apoptosis, 세포가 유전자의 제어를 받아 스스로 죽는 현상)가 중요하게 작용할 것으로 생각되고 있다. 그 외 특수한 바이러스가 원인이라는 가설, 환경적인 독소의 작용 등이 루게릭병의 원인으로 제기되고 있지만 아직 직접적인 증거는 없다.","뇌, 뇌줄기, 척수의 운동신경세포",루게릭병은 일차적으로 임상적 증상에 근거하여 진단한다. 위에서 설명한 위운동신경세포증후군과 아래운동신경세포증후군을 신경과 의사의 진료를 통하여 확인하는 것으로 임상적 진단을 내릴 수 있다.,"신경전도검사 및 근전도검사를 통해 루게릭병을 확진할 수 있다. 루게릭병과 유사한 증상이 나타날 수 있는 다른 신경병증 혹은 근육병의 가능성을 배제하기 위하여 뇌 또는 경추부의 자기공명영상촬영(MRI), 근육 생검 등을 시행할 수 있다. 원인을 찾기 위해 다양한 혈액검사를 시행하기도 한다.","루게릭병의 발병 원리 및 경과 등에 맞추어 여러 가지 약물이 개발 중이지만 아직 확실하게 효과가 입증된 약제는 없다. 현재 유일하게 사용을 인정받은 약물인 릴루텍 정(riluzole)은 생존기간을 수개월 정도 연장시키는 효과는 있지만, 삶의 질을 개선하거나 근력을 회복시키는 데에는 아직까지 효과가 확인되지 않았다.",루게릭병으로 진단된 이후 환자의 수명은 평균 3~4년이지만 10% 정도는 증상이 점차 좋아지는 양성 경과를 보이며 10년 이상 생존하기도 한다. 장기 생존에 영향을 미치는 요인에 대해서는 아직 연구 중이다.,,http://www.snuh.org/health/nMedInfo/nView.do?category=DIS&medid=AA000109,
장폐색,intestinal obstruction,"구토 ,  설사 ,  저혈압 ,  구역 ,  변비 ,  복통 ,  위경련","장 폐색은 장, 특히 소장이 부분적으로 또는 완전히 막혀 음식물, 소화액, 가스 등의 장내용물이 통과하지 못하는 질환을 말한다. 기계적인 원인으로 장이 막히는 경우(기계적 장관 폐쇄, mechanical obstruction)와 장의 운동이 중지되어 기능적으로 폐쇄되는 경우(마비성 장폐쇄, paralytic ileus)가 있다.","기계적 장 폐색증으로 인한 증상에는 쥐어짜는듯한 극심한 복통, 오심과 구토, 복부팽만 등이 있는데, 막힌 부위에 따라 증상에 조금씩 차이가 있다. 그 외에 고형질의 장내용물은 내려가지 못하고 수분만 내려가서 소량의 물 설사를 하거나 아예 대변을 보지 못하는 경우도 있다.

기계적 장 폐색이 지속되면 장에서 정상적으로 수행해야 하는 소화 및 흡수 작용이 일어나지 못하기 때문에 수분과 전해질의 불균형이 나타나게 되고, 이로 인해 빈맥(맥박수가 90~100회 이상), 저혈압, 탈수 등의 증상이 나타난다. 또한 팽창된 장의 벽을 통해 장내의 세균과 유해 물질이 복강 내로 빠져나가거나, 장에 혈액 공급이 제대로 이루어지지 않는 허혈상태로 빠져들 수 있고, 탈장 등에 의해 범발성(명이 몸의 특정 부위에만 일어나는 것이 아니라 모든 장기 및 신체 부위에 널리 발생하는 것) 복막염 증상이 나타나기도 한다. 이런 경우에는 주로 열(fever)이 동반된다.

마비성 장 폐색증 증상은 기계적 장 폐색증과 비슷하게 복통, 오심 및 구토, 복부팽만 등이 주된 증상으로 나타나지만 그 양상은 약간의 차이를 보인다. 마비성 장 폐색증의 경우 산통과 같은 주기적인 극심한 복통이 없이 발생하는 복부팽만이 가장 특징적인 증상이라고 할 수 있다. 또한 기계적 장 폐색증과 달리 가스 배출(방귀)이 나타나고 설사도 계속 하게 된다.","기계적 장 폐색증은 우선 장의 유착(adhesion)에 의해 나타날 수 있다. 장이 유착되면 움직일 때마다 장이 끌어당겨지기 때문에 통과 장애가 일어나는 것이다.

가장 흔하게는 수술 후 발생한 유착을 들 수 있는데, 소장 폐색(small bowel obstruction)의 60% 이상이 이러한 원인에 의해 발생한다.

유착 외에 장 외부에서 장관을 압박하여 장 폐색을 일으킬 수 있는 요인으로 탈장(hernia)이나 종양(neoplasm), 농양(abscess) 등을 들 수 있다.

종양에 의한 기계적 장 폐색증은 유착에 의한 것 다음으로 많다.
종양으로 인한 장 폐색은 전체 기계적 장 폐색증의 20% 이상을 차지하며, 그 다음으로 많이 발생하는 것은 탈장에 의한 장 폐색으로 약 10% 정도를 차지한다. 유착에 의한 기계적 장 폐색증이 소장에서 주로 발생하는 반면 장벽에서 발생한 종양이 기계적 장 폐색증의 원인이 되는 경우는 주로 대장이다.

그 외에 크론병이나 장결핵 등의 염증성 질환으로 인해 장벽이 두꺼워져서 폐색이 발생하는 경우, 외상 등으로 인하여 장벽에 혈종(혈관 밖으로 흘러나온 피가 한군데에 고여서 만든 덩어리)이 생겨 장관을 막아버린 경우 등에서 장 폐색증이 발생할 수 있다.

또한 정상적인 장의 일부가 꼬이는 장염전(volvulus; 창자꼬임)의 경우에 기계적 장 폐색증과 같은 증상을 보일 수 있다.

소아에서는 장의 일부가 장관 안으로 말려 들어가면서 장이 폐쇄되는 장중첩증이 장 폐색증의 중요한 원인이 된다.

마비성 장 폐색증은 복강 수술 후에의 발생하는 것이 가장 흔하며, 이는 마취 및 수술로 인해 장의 운동이 일시적으로 마비되는 현상으로 수일 이내에 원상태로 회복된다.

전해질 및 대사작용 이상이 있을 때에도 마비성 장 폐색증이 잘 발생하며, 아편류나 항콜린성약 등에 의해서, 또는 척추수술이나 외상 및 염증 등에 의해서 발생하는 경우도 있다.

그 외에 자율신경계의 이상으로 기질적인 병적 변화 없이 대장 폐쇄가 일어나는 가성대장폐쇄가 있다.","소장, 대장","마비성 장 폐색증 진단에 있어 가장 중요한 점은 기계적 장 폐색증과 구분하는 것이다. 기계적 장 폐색증은 수술적 처치가 필요한 경우가 많고 그 적절한 시기를 잘 파악하는 것이 중요하지만, 마비성 장 폐색증은 수술적 처치가 필요한 경우가 거의 없으며 오직 수액요법과 약물요법으로만 치료를 하기 때문이다. 두 질환에 대한 정확한 감별 진단을 위해서는 우선 두 질환에서 나타나는 증상의 차이와 초기의 이학적 검사 결과가 중요하다.

복통 환자에서 심하게 증가된 장음을 청진할 수 있는 경우, 특히 그 환자가 과거에 복강내 수술을 받은 적이 있다면 기계적 장 폐색증을 의심해 보아야 한다. 동일한 증상의 환자에서 과거 수술을 받은 적이 없다 하더라도 복부를 만져서 진단해 보았을 때 딱딱한 덩어리가 만져진다면 역시 기계적 장 폐색증을 의심해봐야 한다.

가장 간편하고 신뢰할 만한 검사는 단순복부방사선촬영이며, 촬영상 막힌 부위의 위쪽 장관에서 증가된 공기 음영을 관찰할 수 있다. 또한 막힌 부위 이하에는 정상적으로 보여야 할 공기 음영이 잘 보이지 않게 된다. 만약 대장보다 윗부분에서 폐색이 되었다면 정상적으로 보여서는 안 되는 소장 내의 가스가 관찰되고, 정상적으로 보여야 하는 대장 내의 가스는 아주 소량으로 관찰되거나 관찰되지 않는다.

기계적 장 폐색증의 60% 정도는 단순복부방사선촬영만으로도 충분히 진단이 가능하지만, 여기에서 진단되지 못한 경우에는 다른 검사를 시행해야 한다. 추가적으로 시행해볼 수 있는 검사로는 복부 컴퓨터단층촬영(CT)과 바륨조영술 검사 등이 있다. 나머지 20~30%에 대한 진단은 이 두 가지 검사로 가능하다. 특히 복부 CT는 기계적 장 폐색증 자체를 진단하는 데 유용할 뿐 아니라 그 원인을 파악 하는 데에도 유용한 검사 방법이다.

반면 바륨조영술 검사는 기계적 장 폐색증 환자에게 선택적으로 시행된다. 조영제 자체가 복강 내에 들어가면 여러 가지 부작용을 일으키는 독성 물질로 작용하기 때문에 가급적 완전한 폐색이 의심되는 환자에서는 시행하지 않고, 부분적인 기계적 장 폐색증 환자에서 폐색이 발생한 위치와 폐색의 정도를 파악하기 위해 시행된다.","단순복부방사선촬영, 복부 CT, 바륨 조영검사","기계적 장 폐색증의 치료는 내과적 처치를 우선적으로 시행하고 증상의 호전이 없거나 종양 등으로 인한 폐색 시에는 수술적 처치를 시행한다. 초기 치료로 가장 중요한 것은 적절한 수액 및 전해질 공급과 감압이다. 물론 수액치료를 하면서 약물치료를 병행해야 하는데, 통증과 염증반응을 감소시키기 위한 소염진통제를 비롯하여 진경제, 항생제 등을 사용한다. 감압이란 팽창된 장의 압력을 감소시키는 처치를 말하는데, 장내용물이 밑으로 내려가지 못하므로 위쪽으로 빼줘야 한다. 가장 일반적인 처치는 코를 통하여 위까지 길다란 관을 삽입하는 방법이며, 이때 사용하는 관을 비위관 혹은 레빈 튜브라고 한다.",진단과 치료가 늦어지면 천공과 같은 합병증이 생겨 생명에 지장을 줄 수 있기 때문에 응급수술이 필요하다. 장 폐색으로 인하여 수분과 전해질의 흡수가 이루어지지 않을 뿐만 아니라 팽창된 장 내부로 기존에 있던 수분과 전해질이 빠져나가기 때문에 혈관을 통해서 이를 충분히 공급해주지 않으면 저혈압이나 탈수 등에 빠져서 저혈성 쇼크로 사망할 수도 있다.,,http://www.snuh.org/health/nMedInfo/nView.do?category=DIS&medid=AA000319,
아토피 피부염,atopic dermatitis,"소양감 ,  작열감 ,  피부 건조증","아토피 피부염은 주로 유아기 혹은 소아기에 시작되는 만성적이고 재발성의 염증성 피부질환으로 소양증(가려움증)과 피부건조증, 특징적인 습진을 동반한다. 유아기에는 얼굴과 팔다리의 펼쳐진 쪽 부분에 습진으로 시작되지만, 성장하면서 특징적으로 팔이 굽혀지는 부분과 무릎 뒤의 굽혀지는 부위에 습진의 형태로 나타나게 되며, 많은 경우에 성장하면서 자연히 호전되는 경향을 보인다. 어른의 경우 접히는 부위 피부가 두꺼워지는 태선화(lichenification)가 나타나고, 유소아기에 비해 얼굴에 습진이 생기는 경우가 많다. 아토피 피부염은 세계적으로 증가하는 추세이며 유병률이 인구의 20%라는 보고도 있다.

* 발병위치 : 피부","심한 소양증(가려움증)과 피부건조증, 피부 병변이 주요 증상이다.

피부건조는 가려움증을 유발하고 악화시킨다. 낮 동안에는 간헐적으로 가렵다가 대개 초저녁이나 한밤중에 심해진다. 가려워서 긁게 되면 습진성 피부 병변(병리적 변화)이 생기고 이러한 병변이 진행되면서 다시 더 심한 가려움이 유발되는 악순환이 반복된다.

피부 병변의 분포와 반응 양상은 환자의 연령에 따라 다소 다르게 나타난다. 유아의 경우 병변이 주로 진물이나 딱지가 지는 급성 습진이 나타나며 주로 얼굴, 머리에 잘 생기고 몸통이 거칠고 건조하며, 팔다리의 바깥쪽에 생기는 경우가 많다. 2세 이상 10세 이하의 소아기에는 얼굴보다는 오히려 팔다리의 접히는 부분, 목의 접히는 부위에 생기며 건조한 습진 형태로 나타나는 경우가 많다. 한편 동양인에게는 십대 이후에 잘 낫지 않는 심한 유두 부위 습진이 나타나는 경우가 있다.

아토피 피부염은 나이가 들면서 호전되거나 없어지는 경우가 많지만 호전된 후에도 특정 물질이나 자극에 의해 쉽게 가렵거나 염증 반응이 나타나는 경향이 있고, 성인기에 손 습진이 나타나는 경우가 많다. 성인기까지 아토피 피부염이 남는 경우에는 몸의 피부 증상은 호전되는 반면 얼굴에 홍반과 홍조 및 습진이 나타나는 경향이 있고, 접히는 부위는 오랫동안 긁어 피부가 두껍게 보이는 태선화 피부가 나타난다. 성인기라도 만성 습진만 나타나는 것이 아니라 만성 습진 위에 진물과 딱지가 앉는 급성 병변이 얼마 동안의 시간 간격을 두고 되풀이하여 일어난다.","아토피 피부염의 발병 원인은 아직 확실하게 알려져 있지 않은 상태이다. 임상 증상도 피부건조증, 습진 등으로 다양하게 나타나기 때문에 발병 원인이 어느 한 가지로만 설명될 수는 없지만, 환경적인 요인과 유전적인 소인, 면역학적 반응 및 피부보호막의 이상 등이 주요 원인으로 여겨지고 있다. 환경적인 요인으로는 산업화로 인한 매연 등 환경 공해, 식품첨가물 사용의 증가, 서구식 주거 형태로 인한 카펫, 침대, 소파의 사용 증가, 실내 온도 상승으로 인한 집먼지 진드기 등의 알레르기를 일으키는 원인 물질(알레르겐)의 증가 등이 있다.

또한 실내에서 애완동물을 키우는 일이 많아지면서 원인 물질에 노출되는 것도 원인이 된다. 한편 아토피 피부염이 유전적인 영향을 받는 점은 많은 아토피 피부염 환자들이 가족력이 있다는 사실에서 알 수 있다.",피부,"아토피 피부염은 주로 나타나는 증상을 바탕으로 진단을 내리는 경우가 많으나 나타나는 증상이 매우 다양하기 때문에 어떤 경우에는 아토피 피부염이라고 진단해야 할지 애매한 경우가 있어 다음과 같은 기준에 의하여 진단을 내린다.

한국인 아토피 피부염의 진단 기준(2005): 주 진단기준 중 적어도 2개 이상, 보조 진단 기준 중 4가지 이상에 해당하는 경우 아토피 피부염으로 진단한다.
1) 주진단 기준
- 소양증(가려움증)
- 특징적인 피부염의 모양 및 부위
- 2세 미만의 환자: 얼굴, 몸통, 팔다리 바깥 펼쳐진 부위의 습진
- 2세 이상의 환자: 얼굴, 목, 사지 안쪽 접힌 부위의 습진- 천식, 알레르기성 비염, 아토피 피부염의 개인 및 가족력

2) 보조 진단 기준
- 피부건조증
- 백색 비강진(백버짐, 원형 또는 타원형의 인설성 저색소성 반점이 얼굴이나 목 어깨 등에 발생)
- 눈 주위의 습진성 병변 혹은 색소침착
- 귀 주위의 습진성 병변
- 구순염(입술 가려움증, 건조, 균열, 부종, 딱지가 생기고 양쪽 입술 끝 부위가 짓무르며 갈색 침착이 생김)
- 손, 발의 비특이적 습진
- 두피 비듬
- 모공 주위 피부의 두드러짐
- 유두 습진
- 땀을 흘릴 경우의 소양증(가려움증)
- 백색 피부묘기증(긁으면 하얗게 변함)
- 피부단자시험 양성반응
- 혈청 면역글로불린 E(IgE)의 증가
- 피부 감염의 증가","아토피 피부염을 진단하기 위한 검사가 따로 존재하지는 않지만 아토피 피부염을 악화시키는 원인을 찾기 위한 검사를 한다.

원인 알레르겐(allergen)을 찾기 위한 검사로는 피부단자검사, 혈청 내 특이 면역글로불린 E 검사가 있으며, 혈청 내 총 면역 글로불린 E 검사, 혈액 내의 호산구 수의 측정, 음식물 경구유발검사, 첩포검사(과민성 반응의 원인을 시험하기 위한 검사. 원인으로 추정되는 물질을 등에 붙여 반응을 확인함), 세균 배양검사 등이 있다.",,"아토피 피부염을 진단하기 위한 검사가 따로 존재하지는 않지만 아토피 피부염을 악화시키는 원인을 찾기 위한 검사를 한다. 원인 알레르겐(allergen)을 찾기 위한 검사로는 피부단자검사, 혈청 내 특이 면역글로불린 E 검사가 있으며, 혈청 내 총 면역 글로불린 E 검사, 혈액 내의 호산구 수의 측정, 음식물 경구유발검사, 첩포검사(과민성 반응의 원인을 시험하기 위한 검사. 원인으로 추정되는 물질을 등에 붙여 반응을 확인함), 세균 배양검사 등이 있다.

아토피 피부염의 합병증으로는 눈의 이상과 감염증, 주부습진 등이 있다. 눈에 발생하는 이상 증상에는 눈 주위 피부염과 아토피성 각결막염, 춘계 결막염, 아토피성 백내장 등이 있다.

아토피 피부염 환자들은 피부 감염에 상대적으로 취약하여 바이러스, 표재성 진균증, 세균 등의 감염이 높은 빈도로 발생한다. 아토피 피부염이 갑자기 악화되어 진물이 나고 딱지가 앉는 경우 이차적인 세균 감염을 의심해야 한다. 바이러스에 의해 전신에 수포와 딱지가 앉는 포진상 습진에 걸리는 경우도 있으며, 유아기의 아토피 피부염 환자는 특히 물사마귀에 잘 감염되는 경향이 있다. 아토피 피부염 환자는 손에 습진이 자주 발생하는데 반복적으로 비누, 세제, 소독제에 노출되었을 때 악화된다.","아토피 피부염은 주변 환경 및 생활 습관에서 악화 요인을 찾아내어 제거하는 것이 중요하다. 흔히 아토피 피부염을 악화시킨다고 알려져 있는 것으로는 급격한 온도나 습도의 변화, 심리적 스트레스, 모직이나 나일론 의류, 세제나 비누 등이 있다. 따라서 목욕할 때 비눗기를 충분히 제거해야 하며 세탁 후 옷에 세제가 남지 않도록 잘 헹구는 것이 좋다. 모직이나 나일론 등으로 만든 의류는 가능한 한 피해야 한다. 집먼지 진드기, 꽃가루, 동물의 털에 과민반응을 보이는 경우에는 애완동물이나 카펫 등을 피하는 것이 좋다.

한편 아토피 피부염은 피부가 건조하기 때문에 피부보습이 매우 중요하다. 피부가 건조하지 않도록 보습제를 가능한 자주 바르도록 한다. 단순한 목욕은 피부를 더욱 건조하게 할 수 있으므로 적절한 목욕으로 수분을 공급하고, 피부에 자극을 일으키는 땀, 알레르겐, 더러운 물질이나 집먼지 진드기를 제거하도록 한다. 목욕물은 미지근한 것이 좋다. 너무 뜨거우면 가려워질 수 있고 때를 밀게 되면 피부가 자극을 받아 더 가렵게 되고 건조해질 수 있다. 목욕 후 물기를 닦을 때는 부드럽게 눌러서 말린다. 목욕 후 3분 이내에 바셀린이나 오일을 발라서 수분이 없어지지 않도록 하고, 비누는 사용해도 되지만 약한 중성 비누를 골라서 사용하고 목욕할 때 비눗기를 충분히 제거해야 한다. 샤워보다는 통 목욕이 좋다. 사우나는 오히려 피부를 건조하게 하여 가려움증이 더 심해질 수 있으므로 피하도록 한다.",http://www.snuh.org/health/nMedInfo/nView.do?category=DIS&medid=AA000394,"어떠한 피부 자극도 아토피 피부염을 악화시키는 요소가 될 수 있으므로 악화요인을 잘 이해하여 아토피 피부염의 악화를 예방해야 한다.
1) 지나친 목욕, 과다한 비누 사용, 습도가 낮은 환경에서 악화될 수 있다.
2) 면제품이 아닌 속옷, 거친 화학섬유 옷 등과 목욕 시 타올로 밀거나 손으로 긁는 자체가 병변을 유발 또는 악화시킬 수 있다.
3) 세탁 후 옷에 세제가 남지 않도록 잘 헹구는 것이 좋으며 모직이나 나일론 등의 합성섬유로 된 의류는 가능한 한 피하는 것이 좋다.
4) 가족 간이나 학교에서의 긴장 상태, 입시준비에 대한 긴장감 등 스트레스가 긁는 행위를 유발할 수 있다.
5) 피부 감염 특히 피부의 황색포도상구균(Staphylococcus aureus) 감염이 피부 병변을 악화시킬 수 있다.
6) 더운 실내 환경, 두꺼운 이불, 밀봉이 강한 의복, 기타 땀을 유발하는 상태와 고열 등이 아토피 피부염의 악화 요인이 된다.
7) 알레르겐(원인 알레르기 물질)이 악화시킬 수 있다. 아토피 피부염의 알레르겐으로는 집먼지 진드기가 중요하고, 일부에서는 음식물이 원인이다. 대표적으로 우유, 계란, 밀, 견과, 해산물 등이 있고, 식품첨가물, 방부제 등도 이에 속한다. 추정되는 물질을 먹은 후 30분에서 수시간 이내에 피부에 가려움증과 발진을 일으킬 수 있다."
대상포진,herpes zoster,"농포 ,  작열감 ,  소수포 ,  홍반 ,  수포","대상포진은 수두-대상포진 바이러스가 보통 소아기에 수두를 일으킨 뒤 몸 속에 잠복상태로 존재하고 있다가 다시 활성화되면서 발생하는 질병이다. 보통은 수일 사이에 피부에 발진과 특징적인 물집 형태의 병적인 증상이 나타나고 해당 부위에 통증이 동반된다. 대상포진은 젊은 사람에서는 드물게 나타나고 대개는 면역력이 떨어지는 60세 이상의 성인에게서 발병한다. 인간 면역결핍바이러스(HIV) 감염 환자 또는 장기이식이나 항암치료를 받아 면역기능이 떨어진 환자에서 많이 발생하며, 이 경우에는 젊은 나이에도 발병할 수 있다. 대부분의 경우 병적인 증상은 피부에 국한되어 나타나지만, 면역력이 크게 떨어져있는 환자에서는 전신에 퍼져서 사망에 이를 수도 있다.

* 발병위치 : 피부, 신경계","대상포진은 신경절에 잠복상태로 있던 수두 바이러스가 재활성화 되면서 발생하며 피부의 병적인 증상은 신경근의 지각신경이 분포하는 부위에 국한되어 나타난다. 이 부위에 심한 통증과 감각이상이 동반되며 붉은 반점이 신경을 따라 나타난 후 여러 개의 물집이 무리를 지어 나타난다. 수포(물집)는 수두 환자에서 나타나는 것과 조직검사 결과가 동일하다. 수포는 10∼14일 동안 변화하는데, 고름이 차면서 탁해지다가 딱지로 변하게 된다. 접촉 등에 의해 물집이 터지면 궤양이 형성될 수 있다. 보통 2주 정도 지나면 딱지가 생기면서 증상이 좋아진다. 피부의 병적인 증상이 모두 좋아진 후에도 해당 부위가 계속 아프기도 하는데, 이러한 대상포진성 통증은 노인 환자의 약 30%에서 나타나고 마약성 진통제를 사용해야 할 정도로 통증이 심한 경우도 있다.","원인 병원체는 대상포진 바이러스이다. 이는 어린이가 흔히 걸리는 수두의 원인체인 수두 바이러스와 동일한 바이러스이다. 소아기에 수두 바이러스에 한번 감염되면 수두를 앓고 난 후에도 바이러스가 몸 속에서 완전히 사라지지 않는다. 체내에 남아 있는 수두 바이러스는 신경을 따라 이동하여 신경절에 잠복해 있는다. 이 경우에는 체내에 바이러스가 있더라도 사람이 이를 느끼지 못하며 겉으로 드러나는 병적인 증상도 없다. 그러나 신체의 면역력이 약해지면 신경절에 잠복해 있던 수두 바이러스가 신경을 타고 다시 피부로 내려와 그 곳에서 염증을 일으키거나, 심하면 염증이 전신으로 퍼질 수도 있다. 이러한 증상의 원인이 되는 바이러스는 수두 바이러스와 동일하지만 이 경우에는 대상포진 바이러스라고 부른다. 수두-대상포진 바이러스라고 묶어서 부르기도 한다.","피부, 신경계","대상포진은 피부에 나타나는 병적인 변화가 매우 특징적이므로 증상을 관찰하여 임상적으로 진단할 수 있다. 그러나 면역억제 환자에서는 피부의 병적인 변화가 특징적이지 않을 수 있고 정상인에서도 그 모양이 전형적인 형태로 나타나지 않는 경우가 있는데, 이때는 진단이 늦어질 수 있다. 대상포진 바이러스를 배양해서 진단할 수도 있다.","수포를 면봉으로 긁어서 대상포진 바이러스에 감염된 특징적인 인체세포 모양이 관찰되면 대상포진을 의심할 수 있고, 수포액을 세포 배양하여 바이러스를 검출하여 이를 확인할 수 있다. 바이러스의 핵산을 검출하는 중합효소연쇄반응(PCR; polymerase chain reaction)도 임상에서 사용되고 있다. 이러한 검사들은 일반적인 환자들에서는 검사 비용에 비해 그 유용성이 적기 때문에 잘 시행하지 않지만, 입원환자의 경우에는 검사가 필요할 수 있다.",항바이러스 치료제로 치료한다.,"치료를 시작하면 빠르게 치유되지만, 피부의 병적인 증상을 잘 관리하지 않으면 2차 세균감염이 발생하여 곪을 수 있다. 노인이나 면역억제 환자의 경우 피부의 이상 증상이 모두 좋아져도 포진성 통증이 남는 경우가 흔히 있으며 면역기능이 정상인 환자의 경우에도 7.9%에서 포진성 통증이 나타날 수 있다. 눈 주변에 대상포진이 생기는 경우에는 홍채염이나 각막염을 일으켜 실명할 수 있고, 바이러스가 뇌수막까지 침투하면 뇌수막염으로 진행되기도 한다. 면역억제환자에서는 대상포진이 지각신경이 분포하는 부위에 국한되지 않고 전신의 피부에 나타나기도 하며, 뇌수막염이나 뇌염으로 진행하거나 간염이나 폐렴을 일으켜 사망에 이르는 경우도 있다. 증상이 좋아지더라도 바이러스는 잠복상태로 몸 속에 계속 존재하기 때문에 바이러스가 재활성화 되면 다시 대상포진이 발생할 수 있다.",,http://www.snuh.org/health/nMedInfo/nView.do?category=DIS&medid=AA000006,
돌발성 난청,sudden sensory neural hearing loss,"이명 ,  어지럼증","돌발성 난청은 순음청력검사에서 3개 이상의 연속된 주파수에서 30dB 이상의 청력손실이 3일 내에 발생한 감각신경성 난청이며, 때로 귀에서 소리가 나거나(이명), 귀가 꽉 찬 느낌(이충만감), 현기증을 동반하기도 한다. 대부분 한쪽 귀에 발생하고 30~50대에 가장 많이 발생하며, 한국에서도 연간 10만 명당 10명 이상 발병하는 것으로 보고되고 있다.","확실한 원인 없이 감각신경성 난청이 수 시간 또는 2~3일 이내에 갑자기 발생하고, 이충만감, 이명, 또는 현기증을 동반하기도 한다.","돌발성 난청이 무엇 때문에 생기는지 정확히 알 수가 없는 경우가 대부분이다. 주된 원인으로 알려진 것은 바이러스 감염 혹은 혈관장애이고, 그 외 와우막 파열, 자가면역성 질환, 청신경종양 및 기타 원인(외림프 누공, 당뇨, 척추동맥 손상, 급작스러운 소음노출 등)이 있다. 이러한 여러 원인들이 함께 작용할 것으로 생각된다.","귀, 내이, 달팽이관","돌발성 난청의 진단은 치료 가능한 원인들을 차례로 제외시키는 데 초점을 맞추어 진행된다. 조기에 발견하여 적절한 치료를 하면 예후에 좋은 영향을 미친다. 증상이 나타난 후 경과된 시간과 최근의 육체적, 정신적 활동, 동반증상 등이 중요한 요인이 되고, 과거의 병력은 난청의 위험인자를 검색하는 데에 유용하다. 기본적인 청력검사와 정밀 청력검사를 시행하여 난청의 정도를 알고, 다른 원인 질환들을 감별한다.","기본적인 병력청취와 이경 검사를 실시하고 청력검사를 하여 난청의 정도를 알고, 다른 원인 질환들을 감별하도록 한다. 현기증이 있으면 전정기능 검사를 추가할 수 있다. 필요에 따라 종양 발생의 감별을 위해 MRI 등의 영상 검사를 진행하고, 원인이 될 만한 내과적 질환이 있는지 살피려는 목적으로 각종 혈액검사와 염증성 질환 검사 등을 시행한다.","일반적으로는 스테로이드와 같은 항염증제를 주로 사용하며, 혈액순환 개선제, 혈관 확장제, 항바이러스제, 이뇨제, triiodobnezoic acid 유도체가 사용되기도 한다(대개 입원한 경우는 정맥주사하고, 외래에서는 경구 복용한다). 추정되는 원인이나 증상에 따라서 고막 안쪽에 스테로이드를 직접 주사하거나 수술적 요법 등으로 치료한다. 이 모든 치료는 입원하여 절대 안정을 원칙으로 하며, 치료와 함께 청력 검사를 통해서 치료 경과를 관찰하여야 한다.","일반적으로 돌발성 난청 환자의 1/3은 청력을 완전히 되찾지만, 1/3은 부분적으로 회복하여 40-60dB 정도로 청력이 감소하며, 나머지 1/3은 청력을 완전히 회복하지 못 한다. 돌발성 난청 환자의 15%에서는 오히려 난청이 진행한다. 처음에 생긴 난청이 심할수록, 어음 명료도가 떨어질수록, 현기증이 동반된 경우일수록, 치료가 늦은 경우일수록 회복률이 낮다.",환자는 충분한 휴식을 취해야 하므로 환자가 편히 쉴 수 있도록 조용하고 쾌적한 환경을 만들어 주어야 한다.,http://www.snuh.org/health/nMedInfo/nView.do?category=DIS&medid=AA000724,
만성 비염,chronic rhinitis,"비루 ,  재채기 ,  후각소실 ,  인두통 및 인후통 ,  비폐색 ,  폐쇄성 비음 ,  히스테리구","비염이란 비루(콧물), 재채기, 가려움증 및 코막힘 중 한 가지 이상의 증상을 동반하는 비점막의 염증성 질환을 의미한다. 그러나 진단 시에 비강 내의 염증반응 자체를 확인하는 것은 현실적으로 어렵기 때문에 통상적으로 가려움증, 재채기, 비루 및 코막힘 등의 증상의 유무에 근거를 두고 진단이 이루어진다. 비염은 여러 가지 원인 및 병태 생리가 복합적으로 작용하여 발생하는 경우가 많다. 비염의 임상적인 양상에 따라 급성 비염, 만성 비염, 위축성 비염으로 크게 나누기도 한다. 급성 비염은 흔히 감기라고 말하는 감염성 비염이며, 만성 비염은 원인에 따라서 감염성과 비감염성으로 크게 나누고 있다. 비감염성 만성 비염의 원인으로는 알레르기 비염, 비강 구조의 해부학적 이상, 자율신경계의 불균형, 호르몬 이상, 약물, 정서 불안 등이 있다.","원인에 관계없이 대부분의 만성 비염 환자들은 증상의 심한 정도의 차이만 있을 뿐 비슷한 임상적 양상을 보인다. 코막힘이 주된 증상으로, 보통 좌우가 교대로 막히며 증상의 정도가 다양하다. 심할 때에는 양쪽 코가 모두 막혀 코로 숨을 쉬는 것이 힘들어지므로 환자는 입을 통해 호흡을 하게 된다. 비루(콧물) 역시 잘 나타나는 증상이며, 대개의 경우 수양성 비루(맑은 콧물)이다. 그러나 세균에 감염되었을 때에는 황록색의 화농성 비루로 변하기도 한다. 비강의 분비물이 후비공(뒤쪽 콧구멍)으로 흘러내리는 경우가 많이 발생하는데, 이를 후비루라고 한다. 만성 비염은 염증으로 인해 비점막의 신경이 노출되면서 발작성 재채기를 일으키기도 하고, 후각소실이나 후각감퇴의 원인이 되기도 한다.","세균에 의해 유발되는 만성 비염은 급성 비염에 대한 치료가 불완전하여 비염이 반복적으로 발생하는 경우에 나타날 수 있다. 부비동염이나 편도 조직의 만성적인 염증으로 인하여 비염이 오랫동안 지속되는 경우, 또는 전신적 영양상태나 면역상태가 좋지 않아 비염이 잘 치유되지 않는 경우에도 만성 비염이 나타날 수 있다. 비감염성 만성 비염의 원인으로는 알레르기비염, 비강 구조의 해부학적 이상, 자율신경계의 불균형, 호르몬 이상, 약물, 정서 불안 등이 있다.",코,"비염은 비점막의 염증성 질환을 의미하지만, 실제 진단 시에 비강 내의 염증반응 자체를 확인하는 것은 현실적으로 어렵기 때문에, 대개는 가려움증, 재채기, 비루 및 코막힘 등의 증상과 코 진찰 결과를 바탕으로 진단이 이루어진다. 만성 비염 환자의 비강을 진찰해보면 비점막의 종창(염증이나 종양 등으로 인하여 부어 오른 것) 증상과 함께 수양성이나 농성 분비물이 관찰되기도 한다. 비점막의 종창이 오래 지속되면 국소점막수축제를 사용해도 수축되지 않을 수 있다.","환자의 자세한 병력 및 증상에 대한 문진과 코 내시경 결과를 바탕으로 진단을 내린다. 동반 질환 및 아토피 유무를 확인하기 위한 알레르기 반응검사, 비즙 도말검사, 균 배양 검사 등을 함께 시행할 수 있다.","원인에 따라 치료 방법이 다르지만, 부비동염, 편도염 등이 있는 경우에는 이들의 치료를 먼저 하기도 한다. 알레르기 비염의 경우에는 원인 항원을 피하는 회피요법과 항히스타민제, 국소 스테로이드, 항류코트린제, 항콜린 스프레이 등을 사용하는 약물요법, 그리고 면역요법으로 치료를 한다. 만성 비후성 비염의 경우에는 내과적인 치료로 국소 분무형 스테로이드제제를 사용할 수 있으며, 수술적인 치료법으로는 비갑개 성형술이나 비갑개 절제술, 레이저 수술, 고주파를 이용한 수술 등이 있다. 혈관운동성 비염에서는 주로 국소 스테로이드제나 항콜린제 스프레이를 사용하며, 약물성 비염은 해당 약물의 사용을 금지하는 것이 치료의 시작이다.","원인에 따라 경과가 달라진다. 원인이 확실한 경우에는 이를 치료하면 호전될 수 있지만, 그렇지 않은 경우에는 보통 오래 지속된다. 만성 비염 환자에게 적절한 치료를 충분히 시행하지 않으면 만성적으로 염증이 지속되어 비강 내의 점막과 비갑개에 회복이 불가능한 비후(코점막이 부어 오름)가 발생할 수 있다. 때로는 거대한 하비갑개가 관찰되기도 하는데, 이러한 상태를 만성 비후성 비염이라고 한다. 만성 비후성 비염은 원인에 상관없이 만성 비염의 염증상태가 지속적으로 장기간 진행되었을 때 발생할 수 있다. 또한 만성 비염은 누낭염, 결막염, 이관염, 중이염, 인후두염 등의 합병증을 일으킬 수 있다.","비염이 있을 때 국소 점막수축제를 장기간 사용하는 것은 피해야 한다. 비염을 예방하는 것은 어려운 편이지만, 어느 정도의 예방을 위한 노력이 치료와 함께 반드시 병행되어야 한다. 아침, 저녁으로 식염수를 이용하여 코 세척을 하는 것이 예방에 도움이 될 수 있다. 또한 감기에 걸리지 않도록 외출 후 손을 잘 씻고, 급격한 온도 변화에 주의해야 한다. 알레르기 비염의 경우는 원인 항원물질에 노출되지 않도록 주의한다.",http://www.snuh.org/health/nMedInfo/nView.do?category=DIS&medid=AA000170,"일반적인 예방법으로 손을 깨끗이 씻는 것이 중요하다. 또한 먼지, 급격한 온도 변화, 피로나 스트레스, 담배 연기나 매연 등의 비염 유발 요소를 피하는 것도 예방에 도움이 된다."
급성 신우신염,acute pyelonephritis,"혈뇨 ,  거품뇨 ,  배뇨통 ,  발열","급성 신우신염은 요로감염의 일종으로 신장에 세균 감염이 발생한 것을 말한다. 요도에 발생한 요로감염증은 요도염이라 하고, 방광에 발생한 것은 방광염이라고 한다.","허리 통증과 발열 등이 주된 증상이며, 방광염을 동반한 경우에는 방광염의 증상인 긴급뇨(갑자기 소변이 보고 싶어 달려가다가 소변을 보는 것), 절박뇨(절박하게 소변이 마려우며 소변을 참지 못함), 배뇨통 등이 동반된다. 심한 감염의 경우에는 혈뇨를 보이기도 한다.","세균에 의한 감염이 원인이며, 원인균의 85%는 대장균이다. 젊은 여성의 경우 특별한 해부학적 이상이나 기능적 이상이 없어도 잘 발생하며, 비뇨기계와 관련된 수술이나 기계적 조작에 의해서 발생할 수도 있다.",신장,신우신염의 진단은 임상 증상과 소변검사 및 요 배양검사를 기본으로 하여 이루어진다.,소변 속의 백혈구와 세균을 검사하고 요 배양검사를 시행하여 원인이 되는 균을 확인한다.,"초기에 투여하는 항생제는 그 지역 사회에 흔하게 배양되는 세균에 어떤 항생제가 효과적인지(세균의 항생제 감수성)에 따라 선택되며, 배양되는 세균의 감수성에 따라 항생제를 변경할 수 있다.
단순 신우신염은 1~2주간 먹는 항생제를 통해 외래에서 치료할 수 있다. 그러나 위장이 좋지 않아 먹는 약을 복용하지 못하거나 신체 전반에 걸쳐 증상이 심한 경우에는 입원하여 주사 항생제 치료를 받아야 한다.
적절한 치료에도 불구하고 72시간 내에 증상이 좋아지지 않는 경우에는 비뇨생식기계에 이상이 없는지, 신장에 농양이 형성된 것은 아닌지를 확인하기 위해 신장 초음파나 컴퓨터단층촬영(CT) 검사를 시행하기도 한다.","단순 신우신염은 항생제 치료 후 수일 내에 호전되고 특별한 후유증을 동반하지 않지만, 요로 폐쇄가 있거나 신장 농양(고름)이 동반된 복합 신우신염의 경우 초기에 입원치료 및 주사 항생제가 필요하고, 기존 질환에 따라 오랜 기간 동안 치료가 필요한 경우도 있다.","반복되는 요로감염은 해부학적이나 기능적인 비뇨기계 이상 이외에도 생활 습관에 기인할 수 있다. 그러므로 생활 습관을 교정하여 반복 감염을 예방할 수 있다. 예를 들어 수분 섭취를 많이 하고, 성교 후 바로 소변을 보거나, 대변을 닦는 방향을 교정하는 것 등이다.",http://www.snuh.org/health/nMedInfo/nView.do?category=DIS&medid=AA000365,"신우신염은 그 감염원인에 대한 주의가 필요하고 세균의 침범 외에도 몸에 이상이 있는지를 항상 점검해야 한다
여성에게 반복적 요로감염이 생긴다면 항문을 닦을 때 질 부위에서 항문 쪽으로 향하도록 하고, 성교 후에 바로 소변을 보고, 소변을 보고 싶다고 느낄 때는 지체 없이 보도록 한다. 6개월 이상 저용량의 항생제를 전문의 처방으로 복용하는 것이 도움이 될 수도 있다"
뇌전증,epilepsy,"근육긴장이상 ,  아린감 ,  근육간대경련 ,  얼굴떨림 ,  혼수 ,  청색증","간질 자체가 잘못된 용어는 아니지만 사회적 편견이 심하고, 간질이라는 용어가 주는 사회적 낙인이 심하기 때문에 뇌전증이라는 용어로 변경되었다. 비록 용어는 변경되었으나 뇌전증과 관련해서는 명명법 이외에는 바뀐 것이 없으며 진단과 치료에 실질적인 영향을 끼치지 않는다.

뇌전증이란 단일한 뇌전증 발작을 유발할 수 있는 원인 인자, 즉 전해질 불균형, 산-염기 이상, 요독증, 알코올 금단현상, 심한 수면박탈상태 등 발작을 초래할 수 있는 신체적 이상이 없음에도 불구하고, 뇌전증 발작이 반복적으로(24시간 이상의 간격을 두고 2회 이상) 발생하여 만성화된 질환군을 의미한다. 또는, 뇌전증 발작이 1회만 발생하였다고 하더라도 뇌 영상검사(뇌 MRI 등)에서 뇌전증을 일으킬 수 있는 병리적 변화가 존재하면 뇌전증으로 분류한다. 한 번의 신경 세포 과흥분을 의미하는 뇌전증 발작(seizure)과 발작이 반복적으로 발생하는 뇌전증을 구분하는 이유는 뇌전증은 약물 혹은 수술적 치료가 필요한 질병이기 때문이다. 일반적으로 뚜렷한 원인 인자에 의해 유발된 단일한 뇌전증 발작은 치료를 하지 않는다. 뇌전증의 발병률과 유병률은 후진국에서 선진국보다 2~3배 높으며, 생후 1년 이내에 가장 높았다가 급격히 낮아지고 청소년기와 장년기에 걸쳐 낮은 발생률을 유지하다가 60세 이상의 노년층에서는 다시 급격히 증가하는 U자형의 형태를 보인다.

뇌전증과 관련된 용어들은 다음과 같이 정의할 수 있다.
1) 뇌전증 발작(epileptic seizure 혹은 seizure)
대뇌 겉질의 신경세포들이 갑작스럽고 무질서하게 과흥분함으로써 나타나는 신체증상을 의미한다.
2) 부분 발작(partial seizure)
발작이 대뇌의 국소적인 부분에서 시작되는 경우. 종종 부분 발작으로 시작하여 신경세포의 과흥분이 뇌 전체적으로 퍼지는 경우가 있는데, 이 경우에도 부분 발작으로 분류한다.
3) 전신 발작(generalized seizure)
발작이 대뇌에 전반적으로 발생하는 상태. 또는 대뇌 심부에 있는 시상(thalamus) 등에서 신경세포의 과흥분이 시작되어 대뇌 전반으로 퍼져나갈 수도 있는데, 이 경우 역시 전신 발작으로 분류한다.
4) 급성 증상성 발작(acute symptomatic seizure) 혹은 유발 발작(provoked seizure)
갑작스러운 뇌손상이나 뇌기능장애로 인해 발작이 생기며, 원인 질환이 회복될 경우에는 유발 원인이 없어져 발작이 재발하지 않는 경우. 단, 해당 뇌손상으로 인하여 뇌에 영구적인 손상이 남아 반복적으로 뇌전증 발작(seizure)이 발생하는 경우에는 뇌전증으로 분류한다.
5) 특발성 뇌전증(idiopathic epilepsy)
충분한 검사에도 불구하고 뇌전증의 원인을 밝히지 못하는 경우. 유전성 원인이 어느 정도 작용하는 것으로 추정된다.
6) 증상성 뇌전증(symptomatic epilepsy)
문진, 신경학적 진찰 및 신경영상검사를 통하여 뇌전증의 원인이 규명되는 경우를 의미한다.
7) 잠재성 뇌전증(cryptogenic epilepsy)
원인을 확실히 규명할 수 없는 경우를 의미한다.","1. 뇌전증 발작의 분류에 따른 증상
뇌전증 발작은 크게 부분 발작과 전신 발작으로 나뉜다. 부분 발작은 대뇌겉질(피질)의 일부분에서 시작되는 신경세포의 과흥분성 발작을 의미하고, 전신발작은 대뇌양쪽반구의 광범위한 부분에서 시작되는 발작을 의미한다.
1) 부분 발작
① 단순부분발작(simple partial seizure): 대뇌의 일부분에서 시작되며 대뇌 전반으로 퍼지지 않으며 의식이 유지되는 것이 특징이다. 발병 부위에 따라 운동, 감각, 정신증상 등 다양한 형태가 있다. 한 쪽 손이나 팔을 까딱까딱하거나 입꼬리가 당기는 형태의 단순부분운동발작, 한 쪽의 얼굴, 팔, 다리 등에 이상 감각이 나타나는 단순부분감각발작, 속에서 무언가 치밀어 올라오거나, 가슴이 두근거리고 모공이 곤두서고 땀이 나는 등의 증상을 보이는 자율신경계증상, 또는 이전의 기억이 떠오르거나 낯선 물건이 장소가 친숙하게 느껴지는 증상(데쟈뷰 현상) 등의 정신 증상이 나타날 수 있다.
② 복합부분발작(complex partial seizure): 복합부분발작의 특징은 의식의 장애가 있다는 점이다. 의식장애와 더불어 의도가 확실하지 않은 반복적 행동(자동증)이 나타날 수 있다. 흔히 초점 없는 눈으로 멍하니 한 곳을 쳐다보면서, 입맛을 쩝쩝 다시거나 손을 이리저리 휘저으면서 주변에 놓인 사물을 만지작거리는 모습이 관찰될 수 있다. 환자는 자신이 이러한 행동을 했다는 사실을 기억하지 못한다. 드물게 비우성반구(오른손잡이 한국인에서는 우측 뇌반구)에 발생하는 발작의 경우 자동증이 나타나지만 의식이 유지되고 말을 하며 환자가 기억을 하는 경우도 있다.
③ 부분발작에서 기인하는 이차성 전신발작(partial seizure with secondary generalization): 발작 초기에는 단순부분발작이나 복합부분발작의 형태를 보이지만, 신경세포의 과활동성이 대뇌 전반적으로 퍼지면서 전신 발작이 나타나게 된다. 환자는 쓰러지면서 전신이 강직되고 얼굴이 파랗게 되는 증상(청색증)이 초기에 나타나고, 약간의 시간이 흐른 후 팔다리를 규칙적으로 떠는 형태로 증상이 진행된다. 일반적으로 가장 흔하게 관찰되는 뇌전증 발작의 형태이다.

2) 전신 발작
① 소발작(결신발작; absence seizure, petit mal): 소발작은 주로 소아에서 발생한다. 정상적으로 행동하던 환아는 아무런 경고나 전조 증상 없이 갑자기 하던 행동을 멈추고 멍하게 앞이나 위를 바라보는 모습을 보이며, 간혹 고개를 푹 수그리는 모습을 보이기도 한다. 이 발작은 대개 5~10초 이내에 종료되며, 길어도 수십 초를 넘기지 않는 경우가 일반적이다. 환아는 자신이 발작을 했다는 사실을 인지하지 못한 채 발작 직전에 하던 행동이나 상황으로 복귀한다. 간혹 눈꺼풀이나 입 주위가 경미하게 떨리는 간대발작(clonic seizure)이나 입술을 핥고 옷을 만지작거리는 자동증이 동반될 수도 있다. 숨을 크게 몰아 쉴 때 나타나기 쉽다.
② 전신강직간대발작(대발작; generalized tonic-clonic seizure, grand mal): 전신발작 도중에 가장 흔히 볼 수 있는 발작 형태이다. 발작 초기부터 갑자기 정신을 잃고, 호흡곤란, 청색증, 고함 등이 나타나면서 전신이 뻣뻣해지고 눈동자와 고개가 한 쪽으로 돌아가는 강직 현상이 나타난다. 강직이 일정 시간 지속된 후 팔다리가 규칙적으로 떨리는 간대성 운동이 나타난다. 입에서 침과 거품이 나오고, 턱의 간대성 발작 때 혀를 깨물기도 한다. 발작 중에 소변이나 대변을 지리기도 한다. 발작 후에는 대개 깊은 수면이 뒤따르고, 일시적인 의식 장애가 나타나기도 하며, 일정 기간 동안의 기억 소실이 동반된다. 일반인들이 가장 많이 목격하였을 뇌전증 발작의 형태이다.
③ 근육간대경련발작(myoclonic seizure): 빠르고 순간적인 근육의 수축이 한쪽 또는 양쪽 팔다리와 몸통에 한 번 또는 연달아 반복되는 것이 특징이다. 깜짝 놀라는 듯한 불규칙적인 근육 수축이 나타나는데, 흔히 식사 중에 깜짝 놀라며 숟가락을 떨어뜨리는 형태로 잘 나타난다. 주로 잠에서 깬 직후에 발생하거나 수면이 부족할 때 발생하며, 피로감, 정신적인 스트레스, 광자극 등에 의해 심해지기도 한다. 이 발작은 청소년기에 종종 발병하는 청소년근육간대경련발작(juvenile myoclonic epilepsy)의 특징 중 하나이기도 하다. 또한 저산소성 뇌손상으로 인한 뇌전증에서 주로 나타나는 뇌전증 발작이기도 하다.
④ 무긴장발작: 순간적인 의식 소실과 함께 전신의 근육에서 힘이 빠지면서 넘어지는 형태이다. 넘어지면서 흔히 머리를 땅이나 가구에 부딪혀서 머리, 안면, 치아 등을 다치는 경우가 많다. 소아기에 나타나는 레녹스-가스토 증후군(Lennox-Gastaut syndrome)에서 주로 볼 수 있으며, 이 경우 치료 결과가 좋지 않은 편이다.

2. 뇌전증 증후군의 분류에 따른 증상
뇌전증 증후군(epileptic syndrome)은 뇌전증(epilepsy)을 해당하는 원인 및 국소화 또는 전반성 여부에 따라 분류한 것이다.
1) 열성 경련(febrile seizure): 소아에서 가장 흔한 형태의 발작이며, 생후 3개월에서 5세 사이에 시작되는 것이 보통이다. 전체 소아 발작의 약 2~5% 정도를 차지하며, 대개 후유증을 남기지 않는다. 하지만 약 20% 정도에서 발작이 15분 이상 지속되며 24시간 이내에 두 차례 이상 발생하면서 부분 발작으로 나타나는 경우는 복합열성발작(complex febrile seizure)라고 하여 후에 뇌전증으로로 이행하는 경우가 있다.
2) 중심관자극파를 동반한 양성소아뇌전증(양성롤란딕 뇌전증; benign childhood epilepsy with centrotemporal spikes, benign rolandic epilepsy): 4~13세 사이에 발생하며, 주로 수면 중에 뇌전증 발작이 발생하는 특징이 있다. 유전경향이 있으며, 남아에게 더 많이 발생한다. 한쪽 입주위의 씰룩거림 같은 짧은 간대경련이나 언어정지, 침흘림, 안면감각이상 등 주로 안면부 주위에서 시작되는 발작이 나타난다. 간혹 이차전신경련으로 진행하기도 한다. 항뇌전증약에 매우 잘 반응하며, 10대 후반 이후 완전히 소실되는 경우가 많다. 특징적인 뇌파소견이 있어 진단이 어렵지 않다.
3) 소아 소발작뇌전증(childhood absence epilepsy): 4~10세의 정상 소아에서 발병하며, 소발작뇌전증이 하루에도 수 회~ 수십 회 정도 빈번하게 발생한다. 여자 아이에서 상대적으로 흔하게 나타난다. 항뇌전증약에 대부분 잘 반응하고 성장하면서 사라지는 경우도 드물지 않게 관찰된다. 그러나 청소년기소발작뇌전증(juvenile absence epilepsy)은 소발작 외에 전신강직간대발작이 약 40% 내외에서 동반되며 지속적으로 약물을 복용해야 하는 경우가 많다.
4) 청소년 근육간대경련뇌전증(juvenile myoclonic epilepsy): 청소년근육간대경련뇌전증은 전체 뇌전증증후군의 약 7% 정도를 차지할 정도로 한다. 대개 12세~18세 사이에 발병하고, 주로 아침이나 잠에서 깬 직후에 나타나고 광자극에 의해 유발될 수 있다. 아침 식사를 하다가 깜짝 놀라면서 숟가락을 떨어뜨리거나, 양치질 중에 깜짝 놀라면서 칫솔을 떨어뜨리는 형태로 관찰된다. 종종 근육간대경련발작이 짧게 나타난 후 전신강직간대발작이 연이어 발생한다. 약물에 대한 반응은 매우 좋으나, 투약을 중단할 경우 다시 발작이 나타나는 경우가 많아 지속적으로 약물을 복용해야 한다.
5) 측두엽뇌전증(temporal lobe epilepsy): 성인에서 가장 많이 볼 수 있는 뇌전증으로, 여러 가지 원인이 있으나 내측두엽 특히 해마의 경화(hippocampal sclerosis)가 원인이 되는 경우가 가장 흔하다. 복합부분발작이 가장 흔하여, 배에서 이상한 느낌이 치밀어 오르는 명치조짐(epigastric aura) 등과 씹거나 삼키거나 만지작거리는 등의 자동증을 흔히 동반한다. 발작 후에는 대부분 혼돈이 발생하고, 이차전신발작으로 진행하는 경우도 흔하다. 해마 경화 이외에 내측두엽의 종양, 뇌졸중, 혈관기형, 겉질형성이상, 감염 등이 원인이 될 수 있다. 처음에는 약물에 대한 반응이 좋다가, 이후에 약물 난치성으로 이행하는 경우가 있어 치료에 어려움이 따른다. 해마 경화 및 일부의 겉질형성이상 등에서 수술로 원인 병소를 제거하는 치료를 시도하기도 하고, 수술이 가능한 환자에게는 수술의 효과가 상당히 좋은 편이다.
6) 뇌전증지속증(status epilepticus): 이는 30분 이상 지속적으로 뇌전증 발작이 이어지거나, 발작 사이에 의식의 회복 없이 반복되는 발작을 말한다. 전신발작뇌전증지속증(generalized convulsive status epilepticus)은 사망률이 20%에 이르는 응급 상황이다. 과거에는 30분을 뇌전증지속증의 기준으로 삼았으나, 실제로 개별적인 발작이 2분 이상 지속되는 경우는 매우 드물기 때문에, 최근에는 5분 이상 경련발작이 계속되거나 연속하여 발작이 일어나는 경우에는 뇌전증지속증에 준하여 치료하는 경향이 있다.","1)뇌전증의 원인
뇌전증 발작은 여러 가지 원인에 의해 발생하며, 뇌전증은 이러한 증상이 지속적으로 재발하는 상태이므로 그 원인이 매우 다양하다. 특히 최근 자기공명영상촬영(MRI) 등의 신경영상검사가 발달함에 따라 과거에는 관찰할 수 없었던 뇌의 미세한 병리적 변화들이 발견됨으로써 뇌전증의 원인에 대한 규명이 점점 확대되고 있다. 역학 연구에서는 환자의 1/3 이상이 뇌에 생긴 병리적 변화나 뇌손상의 과거 병력이 있는 것으로 보고되어 있고, 주요한 원인으로는 뇌졸중, 선천기형, 두부외상, 뇌염, 뇌종양, 퇴행성뇌병증, 유전, 미숙아, 분만 전후의 손상 등을 들 수 있다.
뇌전증의 발생률이 연령에 따라 다르듯이, 연령층에 따라 뇌전증 발작이 발생하는 원인도 각기 다르다.
- 출생~6개월: 분만 전후의 손상, 뇌의 발달이상, 선천성 기형, 중추신경계 급성 감염
- 6~24개월: 급성 열성경련, 중추신경계의 급성감염, 분만 전후의 손상, 뇌의 발달이상
- 2~6세: 중추신경계의 급성감염, 분만 전후의 손상, 뇌의 발달이상, 특발성(원인이 잘 밝혀지지 않은 경우), 뇌종양
- 6~16세: 특발성, 뇌종양, 중추신경계의 급성감염, 분만 전후의 손상, 뇌의 발달이상
- 성인: 뇌외상, 중추신경계의 감염, 뇌종양, 뇌혈관질환(뇌졸중)

2) 뇌전증의 위험 인자
뇌전증 발작은 뇌피질세포의 기능 이상에 의해 발생하는 증상이므로, 신경세포의 기능 이상을 초래할 수 있는 여러 가지 뇌의 병리적 변화나 뇌손상 또는 유전적 요인들이 위험 인자로 작용한다. 따라서 뇌손상을 일으킬 수 있는 대부분의 원인들은 뇌전증의 위험인자로 작용한다.
중추신경계 감염 이후에 뇌전증의 발생 위험도가 약 3배 정도 증가하지만, 무균성(바이러스성) 뇌수막염은 뇌전증의 발생 위험도에 크게 영향을 미치지 않는다. 뇌종양 환자의 30%에서, 그리고 뇌졸중 환자의 2~10%에서 뇌전증이 발생하며, 뇌경색보다는 뇌출혈이나 뇌정맥혈전증에서 발생 빈도가 높다. 두부 외상은 손상의 정도가 심할 경우 뇌전증의 발생 위험도를 증가시키는데, 30분에서 24시간의 의식 소실 또는 기억 손실이 있는 중등도 손상은 3~4배, 뇌에 병적인 변화가 발생하거나 24시간 이상의 의식 소실이 있는 고도 손상에서는 15~20배 이상 뇌전증 발생의 위험도가 증가한다.
알코올 섭취도 뇌전증의 발생과 관련이 있으며, 알코올 금단 발작뿐만 아니라 알코올 중독으로 인한 퇴행성 뇌병증(베르니케 증후군), 음주와 관련된 두부 외상 등도 뇌전증의 원인이 된다. 알츠하이머병은 말기로 진행되면서 뇌전증의 발생률이 증가한다. 뇌성마비 환자의 약 1/3 정도에서 뇌전증 발작이 동반되는데, 정신 지체가 동반될 경우 뇌전증 위험이 증가한다.
열성경련은 중요한 위험 인자는 아니지만, 전체 열성경련 환자의 5% 정도에서 향후 뇌전증이 발생한다고 알려져 있다. 그러나 15분 이상 발작이 지속되거나, 부분 발작으로 시작한 경우, 24시간 이내에 발작이 재발하거나, 신경학적 이상이 동반된 경우에는 이후 뇌전증이 발생할 위험이 높아진다고 알려져 있다.",뇌,"뇌전증은 간헐적으로 발생하는 질환이기 때문에 의사가 환자의 뇌전증을 직접 목격할 가능성은 높지 않다. 따라서 발작 증상 및 관련된 상황에 대해 자세히 병력을 청취하는 것이 필요하다. 발작 양상의 특징에 대한 정보, 과거력을 통한 뇌전증 발생의 위험 인자 규명, 그리고 뇌전증 및 다양한 신경계질환에 대한 가족력 유무 등을 파악하는 데 중점을 둔다. 이를 통해 환자가 호소하는 증상이 뇌전증 발작이 맞는지 확인할 수 있고, 어떤 형태의 뇌전증에 해당하는지 어느 정도 감별할 수 있다. 특히 이 과정에서 종종 뇌전증과 혼동하는 실신에 대한 감별 진단을 할 수 있다. 이 외에 뇌전증 진단에 있어 중요한 검사로는 뇌파검사와 뇌 영상검사가 있다.","1) 뇌파검사
뇌파검사는 뇌전증의 진단에 있어 가장 중요한 검사이다. 뇌전증은 생리학적으로 대뇌피질세포의 전기적 과활성 상태이다. 따라서 두피에 붙인 뇌파 전극을 통하여 간접적으로 뇌세포의 전기적 활동을 기록하는 것은 뇌전증 여부뿐만 아니라 뇌전증 발작의 시작 위치, 그리고 뇌전증의 분류를 결정하는 데 큰 도움을 준다. 뇌파검사 시 주의해야 할 점이 있는데, 우선 뇌파검사의 민감도가 낮다는 것이다. 일반적으로 뇌전증환자가 뇌파검사를 받을 경우 첫 번째 뇌파 검사에서 뇌전증파가 기록될 확률은 50% 정도에 지나지 않는다. 따라서 뇌전증이 의심되는 환자에서는 3회 정도 뇌파 검사를 반복하는 것이 일반적이다. 또한 여러 차례 검사하더라도 두피에서 기록되는 뇌파검사는 약 20% 정도에서 뇌전증파를 기록하지 못한다고 알려져 있다. 또한 뇌전증의 증상이 전혀 없고 가족력이 없는 정상인의 약 1~2% 정도에서 뇌전증파와 비슷한 모양의 뇌파가 관찰되는 경우가 있다. 특히 소아에서는 이러한 뇌파가 더 자주 관찰되어 판독을 어렵게 한다. 뇌전증의 진단이 확실하지 않거나 뇌전증의 수술적 치료를 위하여 뇌전증 시작 부위를 정확하게 국소화해야 할 필요가 있을 때에는 비디오뇌파검사를 시행하기도 한다.

2) 뇌 영상 검사
뇌전증환자의 일반적인 진단 과정에 있어서 뇌 영상 검사, 특히 뇌 자기공명영상 촬영(뇌 MRI)은 뇌전증의 원인을 규명하는 데 있어 뇌파검사와 함께 가장 중요한 검사이다. MRI로 발견할 수 있는 뇌전증로 인한 병리적 변화는 측두엽뇌전증의 주된 원인인 해마경화, 해면혈관종(cavernous hemangioma), 동정맥기형(arteriovenous malformation) 등의 혈관병변, 뇌연화증(cerebromalacia), 여러 종류의 뇌피질 발달기형(cortical dysplasia), 뇌종양, 기생충, 염증 등이다. MRI로 병리적 변화를 발견할 수 있는 확률은 새로 뇌전증을 진단받은 환자에서는 10~30%이고, 난치성 뇌전증 환자에서는 60% 정도로 알려져 있다. 새로 진단받은 환자에서 MRI 촬영상 병리적 변화가 발견되는 확률이 낮은 이유는, MRI 촬영 목적이 뇌에 어느 정도의 크기 이상의 병리적 변화가 있는 증후성 원인에 의한 뇌전증을 진단하기 위한 것이며, 특발성 및 잠재성 뇌전증의 원인은 발견할 수 없기 때문이다. 모든 부분 뇌전증 및 증상성 뇌전증 환자는 최소한 1회의 MRI를 촬영해야 하지만, 임상적으로 확실한 양성 부분 뇌전증 및 특발성 전신 뇌전증에서는 MRI를 시행하지 않기도 한다. 그러나 일반적으로는 다른 증후성 원인을 배제하기 위한 목적으로 MRI를 시행하는 경우가 많다.
측두엽뇌전증 및 일부 특수한 뇌전증의 경우, 양전자방출 단층촬영(PET)이나 단일광자방출 단층촬영(SPECT)을 시행하여 뇌전증의 원인이 되는 병리적 변화가 생긴 부위에 대한 수술적 절제 여부를 평가하기도 한다. 양전자방출단층촬영은 뇌의 대사 상태를 알아보는 검사이며, 단일광자방출 단층촬영은 뇌혈류를 평가하는 검사이다. 대개 뇌전증의 원인이 되는 병적 변화가 발생한 부위는 발작과 발작 사이에 조직 대사 및 국소 혈류량이 감소되어 있지만, 발작 중에 단일광자방출 단층촬영을 시행할 경우 국소 혈류량이 증가하므로 뇌전증 발작의 원인이 되는 부위를 확인하는 데 큰 도움을 준다. 그러나 상기 두 가지 핵의학 검사는 뇌전증 환자의 일반적인 진단에 있어서는 유용성이 떨어지기 때문에 뇌전증 수술 전 검사나 임상적으로 꼭 필요한 경우에만 시행한다.","1. 약물 치료의 시작
생후 첫 번째 뇌전증 발작으로 인하여 내원한 환자는 대부분 즉시 항뇌전증약을 투여하기보다는 여러 가지 검사를 받는다. 이는 일반적으로 증후성이 아닌 첫 번째 발작에서는 약물치료를 시작하지 않는다는 원칙에 따른 것이다. 각종 검사에서 특별한 이상이 발견되지 않는 경우에는 약물치료를 하지 않고 경과를 관찰하게 된다. 하지만 두 번 이상의 뇌전증 발작이 특별한 유발 요인 없이 나타날 경우 약물 치료를 시작한다.
그러나 첫 번째 발작이라 하더라도, 다음과 같은 경우에는 약물 치료를 즉시 시작하는 것이 보통이다.
1) 뇌파검사에서 뚜렷한 뇌전증파가 관찰될 때
2) 뇌에 구조적인 이상이 있을 때(뇌MRI에서 병리적 변화가 확인되는 경우)
3) 신경학적 진찰에서 이상 징후가 발견될 때
4) 뇌전증 발작의 가족력이 있을 때
5) 과거력 조사상 뇌염 혹은 의식 소실을 동반한 외상이 있을 때
6) 현재 활동성 뇌감염을 앓고 있을 때
7) 첫 번째 발작이 뇌전증중첩증으로 나타날 때
단, 뇌전증 환자이더라도 뇌파 검사상 정상으로 해석되는 경우가 드물지 않다. 따라서 뇌전증 발작의 증상이 분명하고 이 증상이 반복된다면, 뇌파 검사나 뇌MRI가 정상이라 하더라도 적절한 약물을 투여해야 하는 경우가 있다.

2. 항경련제
1) 고전적 항경련제: 이전부터 많이 써오던 약물들로 페니토인(Phenytoin: 페니토인 정, 히단토인 정), 발프로에이트(Valproate: 데파킨 정, 오르필 정, 올트릴 정), 카바마제핀(Carbamazepine: 테그레톨 씨알 정, 카마제핀 정, 카바민 정), 페노바비탈(Phenobarbital: 페노바르비탈 정), 에토숙시마이드(Ethosuximide: 자론틴 캅셀) 등이 있다.
2) 새로운 항경련제: 1990년대 이후 개발 상용화된 약물로 기존의 항경련제와는 다른 성질을 갖는 것이 많고, 심각한 부작용이 적으며 약물상호작용 측면에서도 우수한 점이 있어 처음에는 주로 추가약물요법으로 많이 쓰였으나 점차 단일요법제로 많이 쓰이고 있다. 토피라메이트(Topiramate: 토파맥스 정 등), 라모트리진(Lamotrigine: 라믹탈 정), 비가바트린(Vigabatrin: 사브릴 정), 옥스카바제핀(Oxcarbazepine: 트릴렙탈 정), 레베티라세탐(Levetiracetam: 케프라 정), 프레가발린(Pregabalin: 리리카 정), 가바펜틴(Gabapentin: 뉴론틴 정, 가바틴 정 등) 등이 있다.

3. 뇌전증의 치료 전략
약물치료의 목표는 지속적으로 약을 사용하더라도 특별한 부작용 없이 증상을 조절하는 데 있다. 따라서 약물 선정은 효과와 안전성을 모두 고려하여 결정하게 된다. 한 가지 약물로 발작의 증상이 충분히 조절되지 못할 때는 새로운 약물을 추가하거나 다른 약물로 교체하게 되는데, 어떠한 전략이 더 효과적인지는 아직 단정할 수 없다. 일반적으로 두 가지 약물을 복합적으로 충분히 투여했는데도 뇌전증의 증상이 조절되지 않는 경우를 난치성 뇌전증이라고 한다.

4. 발작 증상 조절 후 항뇌전증약의 중지
항뇌전증약 치료 이후 증상이 만족스럽게 조절된다면 항뇌전증약 투여를 중단하는 것을 고려한다. 일반적으로 소아의 경우에는 보통 2년 동안 뇌전증 발작이 없을 때, 성인의 경우에는 3년 정도 뇌전증 발작이 없을 때 항뇌전증약 투여 중지를 시도하게 된다. 하지만 성인의 경우 사회 활동 및 운전 등의 문제가 있기 때문에 항뇌전증약 투여 중지는 의사와 환자 사이의 충분한 대화와 심사숙고가 전제되어야 한다. 항뇌전증약을 중지하였을 때 소아는 약 30%, 성인은 약 40~50% 정도에서 뇌전증 발작이 재발하는 것으로 현재 알려져 있다. 신경학적 결손, 뇌병변의 존재, 부분발작, 청소년근육간대경련발작(juvenile myoclonic epilepsy), 소아기 발병, 뇌파검사상 발견되는 이상 증상, 복합약물치료 등의 위험인자를 가지고 있는 사람에게서 재발률이 증가할 수 있다. 그러나 장기간 뇌전증 발작이 없었다면 재발의 위험은 감소한다. 약물 투여 중지 후 발작이 재발하는 경우, 대개 약물을 다시 투여하기 시작하면 발작을 조절할 수 있다. 그러나 약 10%에서는 약물 투여를 다시 시작하여도 잘 반응하지 않을 수 있다고 알려져 있다.

5. 뇌전증 수술
뇌전증 환자는 우선 약물로 치료하는 것이 원칙이지만, 약물치료로 뇌전증 발작이 조절되지 않을 때에는 뇌전증 수술 등의 비약물요법을 고려하게 된다. 뇌전증의 원인이 되는 병리적 변화를 뇌에서 찾아낼 수 있는 경우에는 국소 절제술을 통하여 해당 부위를 제거하는 것이 효과적이고 안전하다. 뇌전증 수술을 시행하기 위해서는 환자의 증상이 뇌전증이 맞는지 다시 한 번 확인하고, 약물치료를 충분히 시도해 보았는지를 확인해 본다. 그리고 비디오뇌파검사와 뇌MRI, 양성자단층촬영 및 단일양자방출단층촬영 등의 검사를 시행한다. 그 외에 뇌의 우성반구(언어 및 기억을 주로 담당하는 반구)를 확인하기 위하여 와다 검사(Wada test)를 시행하며, 설문조사와 면담조사를 통하여 신경인지기능검사를 받는다. 두개골을 열고 뇌 표면에 전극을 붙이는 뇌피질파검사를 하는 경우가 있는데, 이는 이전까지 시행한 검사들에서 뇌전증 발작의 원인이 되는 병리적 변화가 불확실한 환자의 경우에 시행하는 검사이다.
특히 내측두엽뇌전증에서 해마경화증이 있는 환자의 경우, 발작의 증상이 5년 이내에 약 50~60% 이하로 감소한다고 알려져 있다. 그러나 측두엽 이외의 부분에 병적인 변화가 생긴 경우에는 수술 결과가 측두엽의 경우에 비해 좋지 않다. 뇌전증 수술 후에도 최소 1~2년간은 약물치료를 계속하고, 발작 재발이 없으면 약 1년에 걸쳐 서서히 약물을 줄여나간다.","1) 뇌전증의 자연경과
일반적으로 첫 번째 발작이 발생한 이후의 재발률은 시간이 경과하면서 감소한다. 약 절반 정도의 재발은 첫 번째 발작 후 6개월 이내에 발생하며, 재발 환자의 80%는 2년 이내에 발생한다. 재발의 위험을 높이는 위험인자는 원인 질환이 있거나 신경학적 결손, 뇌파이상 등이 있는 경우이다. 발작의 가족력과 부분 발작도 재발의 위험을 높이는 인자로 알려져 있다. 항뇌전증약을 투여하면 첫 번째 발작 후 2년 동안 재발 빈도를 감소시킬 수 있지만, 2년이 경과한 이후에는 차이가 없는 것으로 알려져 있다.

2) 뇌전증의 예후
뇌전증은 원인과 임상적 특성이 다양한 증후군들로 구성되기 때문에 병의 경과 및 치료 결과를 정확하게 규명하기는 어렵다. 지금까지 알려진 사실은 상당수 환자의 뇌전증 발작은 시간이 지나면서 서서히 발생 빈도가 줄어들고, 약 70%에서는 항뇌전증약에 의해 장기간에 걸쳐 증상의 완화가 가능하다는 것이다. 일반적으로 뇌전증환자의 30~40%는 소량의 단독약물요법으로 쉽게 뇌전증 발작을 조절할 수 있고, 장기간 발작이 없는 경우에는 약물치료를 중단해도 재발이 없는 완치 상태가 된다고 알려져 있다. 그러나 약 30% 정도에서는 단독약물요법으로 증상이 조절되지만 약물 치료를 중단하게 되면 재발하고, 약 20%에서는 적극적인 약물 치료로 증상을 조절할 수 있지만 투약 중에도 뇌전증 발작이 재발한다고 알려져 있다. 그리고 약 20% 정도의 환자는 난치성 뇌전증(intractable epilepsy)이 되어 약물치료에 잘 반응하지 않고 발작이 계속된다. 약물 치료에 대한 반응과 관련된 요인을 살펴보면, 치료 시작이 청소년기이거나 노년기인 경우에는 약물에 대한 반응이 우수하며, 또한 치료 전 발작 횟수가 적을 경우에 약물에 대한 반응이 좋다고 알려져 있다.",,http://www.snuh.org/health/nMedInfo/nView.do?category=DIS&medid=AA000198,
패혈증,sepsis,"반점 ,  자반 ,  근육통 ,  구역 ,  구토 ,  저혈압 ,  발작성 빈맥 ,  저산소증","패혈증은 미생물에 감염되어 전신에 심각한 염증 반응이 나타나는 상태를 말한다. 체온이 38도 이상으로 올라가는 발열 증상 혹은 36도 이하로 내려가는 저체온증, 호흡수가 분당 24회 이상으로 증가(빈호흡), 분당 90회 이상의 심박수(빈맥), 혈액 검사상 백혈구 수의 증가 혹은 현저한 감소 중 두 가지 이상의 증상을 보이는 경우, 이를 전신성 염증 반응 증후군(systemic inflammatory response syndrome; SIRS)이라고 부른다. 이러한 전신성 염증 반응 증후군이 미생물의 감염에 의한 것일 때 패혈증이라고 한다.

* 발병위치 : 전신","초기 증상으로는 호흡 수가 빨라지고, 지남력(시간, 장소, 사람에 대한 인지력)의 상실이나 정신 착란 등의 신경학적 장애가 나타날 수 있다. 혈압의 저하 및 신체 말단에 공급되는 혈액량의 저하로 인하여 피부가 시퍼렇게 보이기도 한다. 균혈증(세균이 혈액 내에 돌아다니는 증상)이 있으면 세균이 혈류를 따라 돌아다니다가 신체의 특정 부위에 자리를 잡아 그 부위에 병적인 변화를 일으킬 수 있다. 원인균에 특이적인 피부의 변화가 나타나서 패혈증의 원인을 진단하는 데 도움이 되기도 한다. 소화기 계통의 증상으로는 구역, 구토, 설사 및 장 마비 증세가 나타나고 심한 스트레스 상황에서는 소화기의 출혈 증상도 나타날 수 있다.","미생물에 의한 감염이 패혈증의 원인이 된다. 원인이 되는 감염 부위는 신체의 모든 장기가 가능하다. 폐렴, 신우신염, 뇌막염, 봉와직염, 감염성 심내막염, 복막염, 욕창, 담낭염, 담도염 등이 패혈증의 원인이 될 수 있다. 이러한 감염증이 발생한 경우, 원인 미생물이 혈액 내로 침범하여 패혈증을 일으킬 수 있다. 그러나 미생물이 혈액 내로 침투하지 않더라도 신체 일부의 염증 반응 및 염증 물질의 생성에 의해서 전신적인 패혈증이 발생할 수도 있다.",전신,"패혈증에 특이적인 진단법은 없다. 따라서 환자의 체온, 맥박수, 호흡수, 혈압, 혈액 검사상의 백혈구 수치 등을 종합하여 판단해야 하며, 패혈증의 원인이 될 수 있는 감염증이 있는지를 확인하는 것이 중요하다.","기본적인 혈액 검사로 백혈구 수와 혈소판 수를 확인하고, 혈액 배양 검사가 필요하다. 범발성 혈관내 응고증(Disseminated Intravascular Coagulation; DIC)이나 급성 신부전 등의 합병증이 발생할 수 있기 때문에 이를 확인하기 위한 혈액 검사를 함께 하는 것이 좋다.","패혈증의 원인이 되는 장기의 감염을 치료하는 것이 중요하다. 신체 검진과 혈액 검사, 영상 검사를 통해서 패혈증의 원인이 되는 신체의 감염 부위를 찾은 후 적절한 항생제를 사용하여 감염증을 치료한다. 패혈증의 원인균을 알아내기 위해서는 환자의 혈액을 채취하여 균을 배양하는 검사가 필요하지만 이는 적어도 3~5일 정도의 시간이 필요하므로 만일 환자의 상태가 위독하다면 배양 검사 결과가 나오기 전에 경험적인 치료를 시행해야 한다. 패혈증의 원인이 되는 감염 장기에 농양(고름)이나 괴사(세포나 조직의 일부가 죽은 것) 조직이 존재하거나 인공 장기가 삽입되어 있는 경우에는 이를 제거하는 방법을 심각히 고려해야 한다.
패혈증을 치료할 때에는 환자의 혈압을 적정하게 유지시키고 신체의 각 조직에 혈액 및 산소가 충분히 공급되도록 해야 한다.","적절한 치료를 하지 않는 경우 사망에 이를 수 있으며, 신체 장기 기능의 장애나 쇼크 등이 동반되는 경우에는 사망률이 매우 높다.","패혈증 발병 후 짧은 시간 내에 사망할 수 있으므로, 집에서 혼자 치료할 수 없으며 증상이 나타나면 신속히 병원에 가서 치료를 받아야 한다.",http://www.snuh.org/health/nMedInfo/nView.do?category=DIS&medid=AA000043,
